,site,th,species,FN,FP,below_th,total
1,NA,NA,NA,NA,NA,NA,NA
2,Eldena,0,Bbar,0,1,0,1
3,Eldena,0,Eser,0,0,0,0
4,Eldena,0,Mbec,0,1,0,1
5,Eldena,0,Mdas,0,3,0,3
6,Eldena,0,Mdau,132,175,0,2365
7,Eldena,0,Mema,0,2,0,2
8,Eldena,0,Mmyo,12,5,0,79
9,Eldena,0,Mbra,24,1,0,46
10,Eldena,0,Mnat,278,143,0,6561
11,Eldena,0,Nnoc,0,0,0,0
12,Eldena,0,Ppip,0,2,0,2
13,Eldena,0,Paur,25,31,0,393
14,Eldena,0,Rhin,0,0,0,0
15,Eldena,1,Bbar,0,1,0,1
16,Eldena,1,Eser,0,0,0,0
17,Eldena,1,Mbec,0,1,0,1
18,Eldena,1,Mdas,0,3,0,3
19,Eldena,1,Mdau,132,175,0,2365
20,Eldena,1,Mema,0,2,0,2
21,Eldena,1,Mmyo,12,5,0,79
22,Eldena,1,Mbra,24,1,0,46
23,Eldena,1,Mnat,278,143,0,6561
24,Eldena,1,Nnoc,0,0,0,0
25,Eldena,1,Ppip,0,2,0,2
26,Eldena,1,Paur,25,31,0,393
27,Eldena,1,Rhin,0,0,0,0
28,Eldena,2,Bbar,0,1,0,1
29,Eldena,2,Eser,0,0,0,0
30,Eldena,2,Mbec,0,1,0,1
31,Eldena,2,Mdas,0,3,0,3
32,Eldena,2,Mdau,132,175,0,2365
33,Eldena,2,Mema,0,2,0,2
34,Eldena,2,Mmyo,12,5,0,79
35,Eldena,2,Mbra,24,1,0,46
36,Eldena,2,Mnat,278,143,0,6561
37,Eldena,2,Nnoc,0,0,0,0
38,Eldena,2,Ppip,0,2,0,2
39,Eldena,2,Paur,25,31,0,393
40,Eldena,2,Rhin,0,0,0,0
41,Eldena,3,Bbar,0,1,0,1
42,Eldena,3,Eser,0,0,0,0
43,Eldena,3,Mbec,0,1,0,1
44,Eldena,3,Mdas,0,3,0,3
45,Eldena,3,Mdau,132,175,0,2365
46,Eldena,3,Mema,0,2,0,2
47,Eldena,3,Mmyo,12,5,0,79
48,Eldena,3,Mbra,24,1,0,46
49,Eldena,3,Mnat,278,143,0,6561
50,Eldena,3,Nnoc,0,0,0,0
51,Eldena,3,Ppip,0,2,0,2
52,Eldena,3,Paur,25,31,0,393
53,Eldena,3,Rhin,0,0,0,0
54,Eldena,4,Bbar,0,1,0,1
55,Eldena,4,Eser,0,0,0,0
56,Eldena,4,Mbec,0,1,0,1
57,Eldena,4,Mdas,0,3,0,3
58,Eldena,4,Mdau,132,175,0,2365
59,Eldena,4,Mema,0,2,0,2
60,Eldena,4,Mmyo,12,5,0,79
61,Eldena,4,Mbra,24,1,0,46
62,Eldena,4,Mnat,278,143,0,6561
63,Eldena,4,Nnoc,0,0,0,0
64,Eldena,4,Ppip,0,2,0,2
65,Eldena,4,Paur,25,31,0,393
66,Eldena,4,Rhin,0,0,0,0
67,Eldena,5,Bbar,0,1,0,1
68,Eldena,5,Eser,0,0,0,0
69,Eldena,5,Mbec,0,1,0,1
70,Eldena,5,Mdas,0,3,0,3
71,Eldena,5,Mdau,132,175,0,2365
72,Eldena,5,Mema,0,2,0,2
73,Eldena,5,Mmyo,12,5,0,79
74,Eldena,5,Mbra,24,1,0,46
75,Eldena,5,Mnat,278,143,0,6561
76,Eldena,5,Nnoc,0,0,0,0
77,Eldena,5,Ppip,0,2,0,2
78,Eldena,5,Paur,25,31,0,393
79,Eldena,5,Rhin,0,0,0,0
80,Eldena,6,Bbar,0,1,0,1
81,Eldena,6,Eser,0,0,0,0
82,Eldena,6,Mbec,0,1,0,1
83,Eldena,6,Mdas,0,3,0,3
84,Eldena,6,Mdau,132,175,0,2365
85,Eldena,6,Mema,0,2,0,2
86,Eldena,6,Mmyo,12,5,0,79
87,Eldena,6,Mbra,24,1,0,46
88,Eldena,6,Mnat,278,143,0,6561
89,Eldena,6,Nnoc,0,0,0,0
90,Eldena,6,Ppip,0,2,0,2
91,Eldena,6,Paur,25,31,0,393
92,Eldena,6,Rhin,0,0,0,0
93,Eldena,7,Bbar,0,1,0,1
94,Eldena,7,Eser,0,0,0,0
95,Eldena,7,Mbec,0,1,0,1
96,Eldena,7,Mdas,0,3,0,3
97,Eldena,7,Mdau,132,175,0,2365
98,Eldena,7,Mema,0,2,0,2
99,Eldena,7,Mmyo,12,5,0,79
100,Eldena,7,Mbra,24,1,0,46
101,Eldena,7,Mnat,278,143,0,6561
102,Eldena,7,Nnoc,0,0,0,0
103,Eldena,7,Ppip,0,2,0,2
104,Eldena,7,Paur,25,31,0,393
105,Eldena,7,Rhin,0,0,0,0
106,Eldena,8,Bbar,0,1,0,1
107,Eldena,8,Eser,0,0,0,0
108,Eldena,8,Mbec,0,1,0,1
109,Eldena,8,Mdas,0,3,0,3
110,Eldena,8,Mdau,132,175,0,2365
111,Eldena,8,Mema,0,2,0,2
112,Eldena,8,Mmyo,12,5,0,79
113,Eldena,8,Mbra,24,1,0,46
114,Eldena,8,Mnat,278,143,0,6561
115,Eldena,8,Nnoc,0,0,0,0
116,Eldena,8,Ppip,0,2,0,2
117,Eldena,8,Paur,25,31,0,393
118,Eldena,8,Rhin,0,0,0,0
119,Eldena,9,Bbar,0,1,0,1
120,Eldena,9,Eser,0,0,0,0
121,Eldena,9,Mbec,0,1,0,1
122,Eldena,9,Mdas,0,3,0,3
123,Eldena,9,Mdau,132,175,0,2365
124,Eldena,9,Mema,0,2,0,2
125,Eldena,9,Mmyo,12,5,0,79
126,Eldena,9,Mbra,24,1,0,46
127,Eldena,9,Mnat,278,143,0,6561
128,Eldena,9,Nnoc,0,0,0,0
129,Eldena,9,Ppip,0,2,0,2
130,Eldena,9,Paur,25,31,0,393
131,Eldena,9,Rhin,0,0,0,0
132,Eldena,10,Bbar,0,1,0,1
133,Eldena,10,Eser,0,0,0,0
134,Eldena,10,Mbec,0,1,0,1
135,Eldena,10,Mdas,0,3,0,3
136,Eldena,10,Mdau,132,175,0,2365
137,Eldena,10,Mema,0,2,0,2
138,Eldena,10,Mmyo,12,5,0,79
139,Eldena,10,Mbra,24,1,0,46
140,Eldena,10,Mnat,278,143,0,6561
141,Eldena,10,Nnoc,0,0,0,0
142,Eldena,10,Ppip,0,2,0,2
143,Eldena,10,Paur,25,31,0,393
144,Eldena,10,Rhin,0,0,0,0
145,Eldena,11,Bbar,0,1,0,1
146,Eldena,11,Eser,0,0,0,0
147,Eldena,11,Mbec,0,1,0,1
148,Eldena,11,Mdas,0,3,0,3
149,Eldena,11,Mdau,132,175,0,2365
150,Eldena,11,Mema,0,2,0,2
151,Eldena,11,Mmyo,12,5,0,79
152,Eldena,11,Mbra,24,1,0,46
153,Eldena,11,Mnat,278,143,0,6561
154,Eldena,11,Nnoc,0,0,0,0
155,Eldena,11,Ppip,0,2,0,2
156,Eldena,11,Paur,25,31,0,393
157,Eldena,11,Rhin,0,0,0,0
158,Eldena,12,Bbar,0,1,0,1
159,Eldena,12,Eser,0,0,0,0
160,Eldena,12,Mbec,0,1,0,1
161,Eldena,12,Mdas,0,3,0,3
162,Eldena,12,Mdau,132,175,0,2365
163,Eldena,12,Mema,0,2,0,2
164,Eldena,12,Mmyo,12,5,0,79
165,Eldena,12,Mbra,24,1,0,46
166,Eldena,12,Mnat,278,143,0,6561
167,Eldena,12,Nnoc,0,0,0,0
168,Eldena,12,Ppip,0,2,0,2
169,Eldena,12,Paur,25,31,0,393
170,Eldena,12,Rhin,0,0,0,0
171,Eldena,13,Bbar,0,1,0,1
172,Eldena,13,Eser,0,0,0,0
173,Eldena,13,Mbec,0,1,0,1
174,Eldena,13,Mdas,0,3,0,3
175,Eldena,13,Mdau,132,175,0,2365
176,Eldena,13,Mema,0,2,0,2
177,Eldena,13,Mmyo,12,5,0,79
178,Eldena,13,Mbra,24,1,0,46
179,Eldena,13,Mnat,278,143,0,6561
180,Eldena,13,Nnoc,0,0,0,0
181,Eldena,13,Ppip,0,2,0,2
182,Eldena,13,Paur,25,31,0,393
183,Eldena,13,Rhin,0,0,0,0
184,Eldena,14,Bbar,0,1,0,1
185,Eldena,14,Eser,0,0,0,0
186,Eldena,14,Mbec,0,1,0,1
187,Eldena,14,Mdas,0,3,0,3
188,Eldena,14,Mdau,132,175,0,2365
189,Eldena,14,Mema,0,2,0,2
190,Eldena,14,Mmyo,12,5,0,79
191,Eldena,14,Mbra,24,1,0,46
192,Eldena,14,Mnat,278,143,0,6561
193,Eldena,14,Nnoc,0,0,0,0
194,Eldena,14,Ppip,0,2,0,2
195,Eldena,14,Paur,25,31,0,393
196,Eldena,14,Rhin,0,0,0,0
197,Eldena,15,Bbar,0,1,0,1
198,Eldena,15,Eser,0,0,0,0
199,Eldena,15,Mbec,0,1,0,1
200,Eldena,15,Mdas,0,3,0,3
201,Eldena,15,Mdau,132,175,0,2365
202,Eldena,15,Mema,0,2,0,2
203,Eldena,15,Mmyo,12,5,0,79
204,Eldena,15,Mbra,24,1,0,46
205,Eldena,15,Mnat,278,143,0,6561
206,Eldena,15,Nnoc,0,0,0,0
207,Eldena,15,Ppip,0,2,0,2
208,Eldena,15,Paur,25,31,0,393
209,Eldena,15,Rhin,0,0,0,0
210,Eldena,16,Bbar,0,1,0,1
211,Eldena,16,Eser,0,0,0,0
212,Eldena,16,Mbec,0,1,0,1
213,Eldena,16,Mdas,0,3,0,3
214,Eldena,16,Mdau,132,175,0,2365
215,Eldena,16,Mema,0,2,0,2
216,Eldena,16,Mmyo,12,5,0,79
217,Eldena,16,Mbra,24,1,0,46
218,Eldena,16,Mnat,278,143,1,6561
219,Eldena,16,Nnoc,0,0,0,0
220,Eldena,16,Ppip,0,2,0,2
221,Eldena,16,Paur,25,31,0,393
222,Eldena,16,Rhin,0,0,0,0
223,Eldena,17,Bbar,0,1,0,1
224,Eldena,17,Eser,0,0,0,0
225,Eldena,17,Mbec,0,1,0,1
226,Eldena,17,Mdas,0,3,0,3
227,Eldena,17,Mdau,132,175,0,2365
228,Eldena,17,Mema,0,2,0,2
229,Eldena,17,Mmyo,12,5,0,79
230,Eldena,17,Mbra,24,1,0,46
231,Eldena,17,Mnat,278,143,1,6561
232,Eldena,17,Nnoc,0,0,0,0
233,Eldena,17,Ppip,0,2,0,2
234,Eldena,17,Paur,25,31,0,393
235,Eldena,17,Rhin,0,0,0,0
236,Eldena,18,Bbar,0,1,0,1
237,Eldena,18,Eser,0,0,0,0
238,Eldena,18,Mbec,0,1,0,1
239,Eldena,18,Mdas,0,3,0,3
240,Eldena,18,Mdau,132,175,0,2365
241,Eldena,18,Mema,0,2,0,2
242,Eldena,18,Mmyo,12,5,0,79
243,Eldena,18,Mbra,24,1,0,46
244,Eldena,18,Mnat,278,143,2,6561
245,Eldena,18,Nnoc,0,0,0,0
246,Eldena,18,Ppip,0,2,0,2
247,Eldena,18,Paur,25,31,0,393
248,Eldena,18,Rhin,0,0,0,0
249,Eldena,19,Bbar,0,1,0,1
250,Eldena,19,Eser,0,0,0,0
251,Eldena,19,Mbec,0,1,0,1
252,Eldena,19,Mdas,0,3,0,3
253,Eldena,19,Mdau,132,175,0,2365
254,Eldena,19,Mema,0,2,0,2
255,Eldena,19,Mmyo,12,5,0,79
256,Eldena,19,Mbra,24,1,0,46
257,Eldena,19,Mnat,278,143,2,6561
258,Eldena,19,Nnoc,0,0,0,0
259,Eldena,19,Ppip,0,2,0,2
260,Eldena,19,Paur,25,31,0,393
261,Eldena,19,Rhin,0,0,0,0
262,Eldena,20,Bbar,0,1,0,1
263,Eldena,20,Eser,0,0,0,0
264,Eldena,20,Mbec,0,1,0,1
265,Eldena,20,Mdas,0,3,0,3
266,Eldena,20,Mdau,132,175,0,2365
267,Eldena,20,Mema,0,2,0,2
268,Eldena,20,Mmyo,12,5,0,79
269,Eldena,20,Mbra,24,1,0,46
270,Eldena,20,Mnat,278,143,3,6561
271,Eldena,20,Nnoc,0,0,0,0
272,Eldena,20,Ppip,0,2,0,2
273,Eldena,20,Paur,25,31,0,393
274,Eldena,20,Rhin,0,0,0,0
275,Eldena,21,Bbar,0,1,0,1
276,Eldena,21,Eser,0,0,0,0
277,Eldena,21,Mbec,0,1,0,1
278,Eldena,21,Mdas,0,3,0,3
279,Eldena,21,Mdau,131,175,1,2365
280,Eldena,21,Mema,0,2,0,2
281,Eldena,21,Mmyo,12,5,0,79
282,Eldena,21,Mbra,24,1,0,46
283,Eldena,21,Mnat,278,143,3,6561
284,Eldena,21,Nnoc,0,0,0,0
285,Eldena,21,Ppip,0,2,0,2
286,Eldena,21,Paur,25,30,0,393
287,Eldena,21,Rhin,0,0,0,0
288,Eldena,22,Bbar,0,1,0,1
289,Eldena,22,Eser,0,0,0,0
290,Eldena,22,Mbec,0,1,0,1
291,Eldena,22,Mdas,0,3,0,3
292,Eldena,22,Mdau,130,175,1,2365
293,Eldena,22,Mema,0,2,0,2
294,Eldena,22,Mmyo,12,5,0,79
295,Eldena,22,Mbra,24,1,0,46
296,Eldena,22,Mnat,278,142,5,6561
297,Eldena,22,Nnoc,0,0,0,0
298,Eldena,22,Ppip,0,2,0,2
299,Eldena,22,Paur,25,30,0,393
300,Eldena,22,Rhin,0,0,0,0
301,Eldena,23,Bbar,0,1,0,1
302,Eldena,23,Eser,0,0,0,0
303,Eldena,23,Mbec,0,1,0,1
304,Eldena,23,Mdas,0,3,0,3
305,Eldena,23,Mdau,130,174,2,2365
306,Eldena,23,Mema,0,2,0,2
307,Eldena,23,Mmyo,12,5,0,79
308,Eldena,23,Mbra,24,1,0,46
309,Eldena,23,Mnat,277,142,7,6561
310,Eldena,23,Nnoc,0,0,0,0
311,Eldena,23,Ppip,0,2,0,2
312,Eldena,23,Paur,25,30,0,393
313,Eldena,23,Rhin,0,0,0,0
314,Eldena,24,Bbar,0,1,0,1
315,Eldena,24,Eser,0,0,0,0
316,Eldena,24,Mbec,0,1,0,1
317,Eldena,24,Mdas,0,3,0,3
318,Eldena,24,Mdau,129,173,2,2365
319,Eldena,24,Mema,0,2,0,2
320,Eldena,24,Mmyo,12,5,0,79
321,Eldena,24,Mbra,24,1,0,46
322,Eldena,24,Mnat,276,141,9,6561
323,Eldena,24,Nnoc,0,0,0,0
324,Eldena,24,Ppip,0,2,0,2
325,Eldena,24,Paur,25,30,0,393
326,Eldena,24,Rhin,0,0,0,0
327,Eldena,25,Bbar,0,1,0,1
328,Eldena,25,Eser,0,0,0,0
329,Eldena,25,Mbec,0,1,0,1
330,Eldena,25,Mdas,0,3,0,3
331,Eldena,25,Mdau,129,173,3,2365
332,Eldena,25,Mema,0,2,0,2
333,Eldena,25,Mmyo,12,5,0,79
334,Eldena,25,Mbra,24,1,0,46
335,Eldena,25,Mnat,276,140,11,6561
336,Eldena,25,Nnoc,0,0,0,0
337,Eldena,25,Ppip,0,2,0,2
338,Eldena,25,Paur,24,30,0,393
339,Eldena,25,Rhin,0,0,0,0
340,Eldena,26,Bbar,0,1,0,1
341,Eldena,26,Eser,0,0,0,0
342,Eldena,26,Mbec,0,1,0,1
343,Eldena,26,Mdas,0,3,0,3
344,Eldena,26,Mdau,127,172,3,2365
345,Eldena,26,Mema,0,2,0,2
346,Eldena,26,Mmyo,12,5,0,79
347,Eldena,26,Mbra,24,1,0,46
348,Eldena,26,Mnat,275,138,14,6561
349,Eldena,26,Nnoc,0,0,0,0
350,Eldena,26,Ppip,0,2,0,2
351,Eldena,26,Paur,24,30,0,393
352,Eldena,26,Rhin,0,0,0,0
353,Eldena,27,Bbar,0,1,0,1
354,Eldena,27,Eser,0,0,0,0
355,Eldena,27,Mbec,0,1,0,1
356,Eldena,27,Mdas,0,3,0,3
357,Eldena,27,Mdau,127,171,4,2365
358,Eldena,27,Mema,0,2,0,2
359,Eldena,27,Mmyo,12,5,0,79
360,Eldena,27,Mbra,24,1,0,46
361,Eldena,27,Mnat,274,138,17,6561
362,Eldena,27,Nnoc,0,0,0,0
363,Eldena,27,Ppip,0,2,0,2
364,Eldena,27,Paur,24,30,0,393
365,Eldena,27,Rhin,0,0,0,0
366,Eldena,28,Bbar,0,1,0,1
367,Eldena,28,Eser,0,0,0,0
368,Eldena,28,Mbec,0,1,0,1
369,Eldena,28,Mdas,0,3,0,3
370,Eldena,28,Mdau,127,170,4,2365
371,Eldena,28,Mema,0,2,0,2
372,Eldena,28,Mmyo,12,5,0,79
373,Eldena,28,Mbra,24,1,0,46
374,Eldena,28,Mnat,273,138,25,6561
375,Eldena,28,Nnoc,0,0,0,0
376,Eldena,28,Ppip,0,2,0,2
377,Eldena,28,Paur,24,30,0,393
378,Eldena,28,Rhin,0,0,0,0
379,Eldena,29,Bbar,0,1,0,1
380,Eldena,29,Eser,0,0,0,0
381,Eldena,29,Mbec,0,1,0,1
382,Eldena,29,Mdas,0,3,0,3
383,Eldena,29,Mdau,127,169,4,2365
384,Eldena,29,Mema,0,2,0,2
385,Eldena,29,Mmyo,12,5,0,79
386,Eldena,29,Mbra,24,1,0,46
387,Eldena,29,Mnat,270,138,28,6561
388,Eldena,29,Nnoc,0,0,0,0
389,Eldena,29,Ppip,0,2,0,2
390,Eldena,29,Paur,24,28,0,393
391,Eldena,29,Rhin,0,0,0,0
392,Eldena,30,Bbar,0,1,0,1
393,Eldena,30,Eser,0,0,0,0
394,Eldena,30,Mbec,0,0,0,1
395,Eldena,30,Mdas,0,3,0,3
396,Eldena,30,Mdau,125,168,6,2365
397,Eldena,30,Mema,0,2,0,2
398,Eldena,30,Mmyo,12,5,0,79
399,Eldena,30,Mbra,24,1,0,46
400,Eldena,30,Mnat,269,135,33,6561
401,Eldena,30,Nnoc,0,0,0,0
402,Eldena,30,Ppip,0,2,0,2
403,Eldena,30,Paur,21,27,0,393
404,Eldena,30,Rhin,0,0,0,0
405,Eldena,31,Bbar,0,1,0,1
406,Eldena,31,Eser,0,0,0,0
407,Eldena,31,Mbec,0,0,0,1
408,Eldena,31,Mdas,0,3,0,3
409,Eldena,31,Mdau,123,168,6,2365
410,Eldena,31,Mema,0,2,0,2
411,Eldena,31,Mmyo,12,4,0,79
412,Eldena,31,Mbra,24,1,0,46
413,Eldena,31,Mnat,266,132,35,6561
414,Eldena,31,Nnoc,0,0,0,0
415,Eldena,31,Ppip,0,1,0,2
416,Eldena,31,Paur,20,26,0,393
417,Eldena,31,Rhin,0,0,0,0
418,Eldena,32,Bbar,0,1,0,1
419,Eldena,32,Eser,0,0,0,0
420,Eldena,32,Mbec,0,0,0,1
421,Eldena,32,Mdas,0,3,0,3
422,Eldena,32,Mdau,121,167,7,2365
423,Eldena,32,Mema,0,2,0,2
424,Eldena,32,Mmyo,12,4,0,79
425,Eldena,32,Mbra,24,1,0,46
426,Eldena,32,Mnat,263,132,38,6561
427,Eldena,32,Nnoc,0,0,0,0
428,Eldena,32,Ppip,0,1,0,2
429,Eldena,32,Paur,20,22,0,393
430,Eldena,32,Rhin,0,0,0,0
431,Eldena,33,Bbar,0,1,0,1
432,Eldena,33,Eser,0,0,0,0
433,Eldena,33,Mbec,0,0,0,1
434,Eldena,33,Mdas,0,3,0,3
435,Eldena,33,Mdau,121,165,8,2365
436,Eldena,33,Mema,0,2,0,2
437,Eldena,33,Mmyo,12,4,1,79
438,Eldena,33,Mbra,24,1,0,46
439,Eldena,33,Mnat,259,132,41,6561
440,Eldena,33,Nnoc,0,0,0,0
441,Eldena,33,Ppip,0,1,0,2
442,Eldena,33,Paur,20,20,0,393
443,Eldena,33,Rhin,0,0,0,0
444,Eldena,34,Bbar,0,1,0,1
445,Eldena,34,Eser,0,0,0,0
446,Eldena,34,Mbec,0,0,0,1
447,Eldena,34,Mdas,0,2,0,3
448,Eldena,34,Mdau,118,164,9,2365
449,Eldena,34,Mema,0,2,0,2
450,Eldena,34,Mmyo,12,4,1,79
451,Eldena,34,Mbra,24,1,0,46
452,Eldena,34,Mnat,258,131,46,6561
453,Eldena,34,Nnoc,0,0,0,0
454,Eldena,34,Ppip,0,1,0,2
455,Eldena,34,Paur,20,19,1,393
456,Eldena,34,Rhin,0,0,0,0
457,Eldena,35,Bbar,0,1,0,1
458,Eldena,35,Eser,0,0,0,0
459,Eldena,35,Mbec,0,0,0,1
460,Eldena,35,Mdas,0,2,0,3
461,Eldena,35,Mdau,116,164,11,2365
462,Eldena,35,Mema,0,2,0,2
463,Eldena,35,Mmyo,12,4,1,79
464,Eldena,35,Mbra,24,1,0,46
465,Eldena,35,Mnat,258,129,50,6561
466,Eldena,35,Nnoc,0,0,0,0
467,Eldena,35,Ppip,0,1,0,2
468,Eldena,35,Paur,20,19,1,393
469,Eldena,35,Rhin,0,0,0,0
470,Eldena,36,Bbar,0,1,0,1
471,Eldena,36,Eser,0,0,0,0
472,Eldena,36,Mbec,0,0,0,1
473,Eldena,36,Mdas,0,2,0,3
474,Eldena,36,Mdau,116,164,11,2365
475,Eldena,36,Mema,0,2,0,2
476,Eldena,36,Mmyo,12,4,1,79
477,Eldena,36,Mbra,24,1,0,46
478,Eldena,36,Mnat,257,129,55,6561
479,Eldena,36,Nnoc,0,0,0,0
480,Eldena,36,Ppip,0,1,0,2
481,Eldena,36,Paur,20,18,1,393
482,Eldena,36,Rhin,0,0,0,0
483,Eldena,37,Bbar,0,1,0,1
484,Eldena,37,Eser,0,0,0,0
485,Eldena,37,Mbec,0,0,0,1
486,Eldena,37,Mdas,0,2,0,3
487,Eldena,37,Mdau,115,163,11,2365
488,Eldena,37,Mema,0,2,0,2
489,Eldena,37,Mmyo,12,4,1,79
490,Eldena,37,Mbra,24,1,0,46
491,Eldena,37,Mnat,257,128,57,6561
492,Eldena,37,Nnoc,0,0,0,0
493,Eldena,37,Ppip,0,1,0,2
494,Eldena,37,Paur,19,18,1,393
495,Eldena,37,Rhin,0,0,0,0
496,Eldena,38,Bbar,0,1,0,1
497,Eldena,38,Eser,0,0,0,0
498,Eldena,38,Mbec,0,0,0,1
499,Eldena,38,Mdas,0,2,0,3
500,Eldena,38,Mdau,114,162,12,2365
501,Eldena,38,Mema,0,2,0,2
502,Eldena,38,Mmyo,12,4,1,79
503,Eldena,38,Mbra,24,1,0,46
504,Eldena,38,Mnat,256,127,59,6561
505,Eldena,38,Nnoc,0,0,0,0
506,Eldena,38,Ppip,0,1,0,2
507,Eldena,38,Paur,19,18,1,393
508,Eldena,38,Rhin,0,0,0,0
509,Eldena,39,Bbar,0,1,0,1
510,Eldena,39,Eser,0,0,0,0
511,Eldena,39,Mbec,0,0,0,1
512,Eldena,39,Mdas,0,2,0,3
513,Eldena,39,Mdau,113,160,12,2365
514,Eldena,39,Mema,0,2,0,2
515,Eldena,39,Mmyo,12,4,1,79
516,Eldena,39,Mbra,23,1,0,46
517,Eldena,39,Mnat,254,126,68,6561
518,Eldena,39,Nnoc,0,0,0,0
519,Eldena,39,Ppip,0,1,0,2
520,Eldena,39,Paur,19,17,1,393
521,Eldena,39,Rhin,0,0,0,0
522,Eldena,40,Bbar,0,1,0,1
523,Eldena,40,Eser,0,0,0,0
524,Eldena,40,Mbec,0,0,0,1
525,Eldena,40,Mdas,0,2,0,3
526,Eldena,40,Mdau,113,157,13,2365
527,Eldena,40,Mema,0,2,0,2
528,Eldena,40,Mmyo,12,4,1,79
529,Eldena,40,Mbra,23,1,0,46
530,Eldena,40,Mnat,251,125,74,6561
531,Eldena,40,Nnoc,0,0,0,0
532,Eldena,40,Ppip,0,1,0,2
533,Eldena,40,Paur,18,16,1,393
534,Eldena,40,Rhin,0,0,0,0
535,Eldena,41,Bbar,0,1,0,1
536,Eldena,41,Eser,0,0,0,0
537,Eldena,41,Mbec,0,0,0,1
538,Eldena,41,Mdas,0,2,0,3
539,Eldena,41,Mdau,112,154,13,2365
540,Eldena,41,Mema,0,2,0,2
541,Eldena,41,Mmyo,12,4,1,79
542,Eldena,41,Mbra,22,1,1,46
543,Eldena,41,Mnat,249,124,82,6561
544,Eldena,41,Nnoc,0,0,0,0
545,Eldena,41,Ppip,0,1,0,2
546,Eldena,41,Paur,18,16,2,393
547,Eldena,41,Rhin,0,0,0,0
548,Eldena,42,Bbar,0,1,0,1
549,Eldena,42,Eser,0,0,0,0
550,Eldena,42,Mbec,0,0,0,1
551,Eldena,42,Mdas,0,2,0,3
552,Eldena,42,Mdau,110,152,14,2365
553,Eldena,42,Mema,0,2,0,2
554,Eldena,42,Mmyo,12,4,1,79
555,Eldena,42,Mbra,21,1,1,46
556,Eldena,42,Mnat,248,121,91,6561
557,Eldena,42,Nnoc,0,0,0,0
558,Eldena,42,Ppip,0,1,0,2
559,Eldena,42,Paur,17,15,2,393
560,Eldena,42,Rhin,0,0,0,0
561,Eldena,43,Bbar,0,1,0,1
562,Eldena,43,Eser,0,0,0,0
563,Eldena,43,Mbec,0,0,0,1
564,Eldena,43,Mdas,0,2,0,3
565,Eldena,43,Mdau,109,150,14,2365
566,Eldena,43,Mema,0,2,0,2
567,Eldena,43,Mmyo,12,4,1,79
568,Eldena,43,Mbra,21,1,1,46
569,Eldena,43,Mnat,246,120,96,6561
570,Eldena,43,Nnoc,0,0,0,0
571,Eldena,43,Ppip,0,1,0,2
572,Eldena,43,Paur,16,13,2,393
573,Eldena,43,Rhin,0,0,0,0
574,Eldena,44,Bbar,0,1,0,1
575,Eldena,44,Eser,0,0,0,0
576,Eldena,44,Mbec,0,0,0,1
577,Eldena,44,Mdas,0,2,0,3
578,Eldena,44,Mdau,108,147,15,2365
579,Eldena,44,Mema,0,2,0,2
580,Eldena,44,Mmyo,12,4,1,79
581,Eldena,44,Mbra,21,1,1,46
582,Eldena,44,Mnat,241,119,102,6561
583,Eldena,44,Nnoc,0,0,0,0
584,Eldena,44,Ppip,0,1,0,2
585,Eldena,44,Paur,16,11,3,393
586,Eldena,44,Rhin,0,0,0,0
587,Eldena,45,Bbar,0,1,0,1
588,Eldena,45,Eser,0,0,0,0
589,Eldena,45,Mbec,0,0,0,1
590,Eldena,45,Mdas,0,2,0,3
591,Eldena,45,Mdau,108,145,15,2365
592,Eldena,45,Mema,0,2,0,2
593,Eldena,45,Mmyo,12,4,1,79
594,Eldena,45,Mbra,21,1,1,46
595,Eldena,45,Mnat,240,119,110,6561
596,Eldena,45,Nnoc,0,0,0,0
597,Eldena,45,Ppip,0,1,0,2
598,Eldena,45,Paur,16,11,3,393
599,Eldena,45,Rhin,0,0,0,0
600,Eldena,46,Bbar,0,0,0,1
601,Eldena,46,Eser,0,0,0,0
602,Eldena,46,Mbec,0,0,0,1
603,Eldena,46,Mdas,0,2,0,3
604,Eldena,46,Mdau,108,142,16,2365
605,Eldena,46,Mema,0,2,0,2
606,Eldena,46,Mmyo,11,4,1,79
607,Eldena,46,Mbra,21,1,1,46
608,Eldena,46,Mnat,238,118,116,6561
609,Eldena,46,Nnoc,0,0,0,0
610,Eldena,46,Ppip,0,1,0,2
611,Eldena,46,Paur,16,10,3,393
612,Eldena,46,Rhin,0,0,0,0
613,Eldena,47,Bbar,0,0,0,1
614,Eldena,47,Eser,0,0,0,0
615,Eldena,47,Mbec,0,0,0,1
616,Eldena,47,Mdas,0,2,0,3
617,Eldena,47,Mdau,107,141,18,2365
618,Eldena,47,Mema,0,2,0,2
619,Eldena,47,Mmyo,11,4,1,79
620,Eldena,47,Mbra,21,1,1,46
621,Eldena,47,Mnat,237,116,124,6561
622,Eldena,47,Nnoc,0,0,0,0
623,Eldena,47,Ppip,0,1,0,2
624,Eldena,47,Paur,15,10,3,393
625,Eldena,47,Rhin,0,0,0,0
626,Eldena,48,Bbar,0,0,0,1
627,Eldena,48,Eser,0,0,0,0
628,Eldena,48,Mbec,0,0,0,1
629,Eldena,48,Mdas,0,2,0,3
630,Eldena,48,Mdau,106,138,20,2365
631,Eldena,48,Mema,0,2,0,2
632,Eldena,48,Mmyo,11,4,1,79
633,Eldena,48,Mbra,21,1,1,46
634,Eldena,48,Mnat,234,115,133,6561
635,Eldena,48,Nnoc,0,0,0,0
636,Eldena,48,Ppip,0,1,0,2
637,Eldena,48,Paur,15,10,3,393
638,Eldena,48,Rhin,0,0,0,0
639,Eldena,49,Bbar,0,0,0,1
640,Eldena,49,Eser,0,0,0,0
641,Eldena,49,Mbec,0,0,0,1
642,Eldena,49,Mdas,0,2,0,3
643,Eldena,49,Mdau,106,135,23,2365
644,Eldena,49,Mema,0,2,0,2
645,Eldena,49,Mmyo,11,4,1,79
646,Eldena,49,Mbra,21,1,1,46
647,Eldena,49,Mnat,233,115,134,6561
648,Eldena,49,Nnoc,0,0,0,0
649,Eldena,49,Ppip,0,1,0,2
650,Eldena,49,Paur,15,10,3,393
651,Eldena,49,Rhin,0,0,0,0
652,Eldena,50,Bbar,0,0,0,1
653,Eldena,50,Eser,0,0,0,0
654,Eldena,50,Mbec,0,0,0,1
655,Eldena,50,Mdas,0,2,0,3
656,Eldena,50,Mdau,101,131,23,2365
657,Eldena,50,Mema,0,2,0,2
658,Eldena,50,Mmyo,11,4,2,79
659,Eldena,50,Mbra,21,1,1,46
660,Eldena,50,Mnat,229,109,137,6561
661,Eldena,50,Nnoc,0,0,0,0
662,Eldena,50,Ppip,0,1,0,2
663,Eldena,50,Paur,14,8,3,393
664,Eldena,50,Rhin,0,0,0,0
665,Eldena,51,Bbar,0,0,0,1
666,Eldena,51,Eser,0,0,0,0
667,Eldena,51,Mbec,0,0,0,1
668,Eldena,51,Mdas,0,2,0,3
669,Eldena,51,Mdau,97,125,26,2365
670,Eldena,51,Mema,0,1,0,2
671,Eldena,51,Mmyo,11,4,2,79
672,Eldena,51,Mbra,21,1,1,46
673,Eldena,51,Mnat,223,104,143,6561
674,Eldena,51,Nnoc,0,0,0,0
675,Eldena,51,Ppip,0,1,0,2
676,Eldena,51,Paur,14,8,3,393
677,Eldena,51,Rhin,0,0,0,0
678,Eldena,52,Bbar,0,0,0,1
679,Eldena,52,Eser,0,0,0,0
680,Eldena,52,Mbec,0,0,0,1
681,Eldena,52,Mdas,0,2,0,3
682,Eldena,52,Mdau,96,121,27,2365
683,Eldena,52,Mema,0,1,0,2
684,Eldena,52,Mmyo,11,4,2,79
685,Eldena,52,Mbra,20,1,1,46
686,Eldena,52,Mnat,220,104,153,6561
687,Eldena,52,Nnoc,0,0,0,0
688,Eldena,52,Ppip,0,1,0,2
689,Eldena,52,Paur,14,7,3,393
690,Eldena,52,Rhin,0,0,0,0
691,Eldena,53,Bbar,0,0,0,1
692,Eldena,53,Eser,0,0,0,0
693,Eldena,53,Mbec,0,0,0,1
694,Eldena,53,Mdas,0,2,0,3
695,Eldena,53,Mdau,91,114,29,2365
696,Eldena,53,Mema,0,1,0,2
697,Eldena,53,Mmyo,11,4,2,79
698,Eldena,53,Mbra,20,0,2,46
699,Eldena,53,Mnat,214,99,160,6561
700,Eldena,53,Nnoc,0,0,0,0
701,Eldena,53,Ppip,0,1,0,2
702,Eldena,53,Paur,13,7,4,393
703,Eldena,53,Rhin,0,0,0,0
704,Eldena,54,Bbar,0,0,0,1
705,Eldena,54,Eser,0,0,0,0
706,Eldena,54,Mbec,0,0,0,1
707,Eldena,54,Mdas,0,2,0,3
708,Eldena,54,Mdau,88,107,32,2365
709,Eldena,54,Mema,0,1,0,2
710,Eldena,54,Mmyo,10,4,2,79
711,Eldena,54,Mbra,19,0,3,46
712,Eldena,54,Mnat,209,94,170,6561
713,Eldena,54,Nnoc,0,0,0,0
714,Eldena,54,Ppip,0,1,0,2
715,Eldena,54,Paur,13,7,5,393
716,Eldena,54,Rhin,0,0,0,0
717,Eldena,55,Bbar,0,0,0,1
718,Eldena,55,Eser,0,0,0,0
719,Eldena,55,Mbec,0,0,0,1
720,Eldena,55,Mdas,0,2,0,3
721,Eldena,55,Mdau,88,100,38,2365
722,Eldena,55,Mema,0,1,0,2
723,Eldena,55,Mmyo,10,4,2,79
724,Eldena,55,Mbra,19,0,3,46
725,Eldena,55,Mnat,207,94,181,6561
726,Eldena,55,Nnoc,0,0,0,0
727,Eldena,55,Ppip,0,1,0,2
728,Eldena,55,Paur,13,7,5,393
729,Eldena,55,Rhin,0,0,0,0
730,Eldena,56,Bbar,0,0,0,1
731,Eldena,56,Eser,0,0,0,0
732,Eldena,56,Mbec,0,0,0,1
733,Eldena,56,Mdas,0,2,0,3
734,Eldena,56,Mdau,88,95,41,2365
735,Eldena,56,Mema,0,1,0,2
736,Eldena,56,Mmyo,9,4,2,79
737,Eldena,56,Mbra,19,0,3,46
738,Eldena,56,Mnat,203,93,187,6561
739,Eldena,56,Nnoc,0,0,0,0
740,Eldena,56,Ppip,0,1,0,2
741,Eldena,56,Paur,13,7,5,393
742,Eldena,56,Rhin,0,0,0,0
743,Eldena,57,Bbar,0,0,0,1
744,Eldena,57,Eser,0,0,0,0
745,Eldena,57,Mbec,0,0,0,1
746,Eldena,57,Mdas,0,2,0,3
747,Eldena,57,Mdau,87,90,42,2365
748,Eldena,57,Mema,0,1,0,2
749,Eldena,57,Mmyo,9,3,2,79
750,Eldena,57,Mbra,18,0,4,46
751,Eldena,57,Mnat,199,91,192,6561
752,Eldena,57,Nnoc,0,0,0,0
753,Eldena,57,Ppip,0,0,0,2
754,Eldena,57,Paur,12,7,5,393
755,Eldena,57,Rhin,0,0,0,0
756,Eldena,58,Bbar,0,0,0,1
757,Eldena,58,Eser,0,0,0,0
758,Eldena,58,Mbec,0,0,0,1
759,Eldena,58,Mdas,0,2,0,3
760,Eldena,58,Mdau,86,88,44,2365
761,Eldena,58,Mema,0,1,0,2
762,Eldena,58,Mmyo,9,3,3,79
763,Eldena,58,Mbra,18,0,4,46
764,Eldena,58,Mnat,197,88,200,6561
765,Eldena,58,Nnoc,0,0,0,0
766,Eldena,58,Ppip,0,0,0,2
767,Eldena,58,Paur,10,7,5,393
768,Eldena,58,Rhin,0,0,0,0
769,Eldena,59,Bbar,0,0,0,1
770,Eldena,59,Eser,0,0,0,0
771,Eldena,59,Mbec,0,0,0,1
772,Eldena,59,Mdas,0,1,0,3
773,Eldena,59,Mdau,84,83,50,2365
774,Eldena,59,Mema,0,1,0,2
775,Eldena,59,Mmyo,9,3,3,79
776,Eldena,59,Mbra,18,0,4,46
777,Eldena,59,Mnat,195,87,210,6561
778,Eldena,59,Nnoc,0,0,0,0
779,Eldena,59,Ppip,0,0,0,2
780,Eldena,59,Paur,10,7,5,393
781,Eldena,59,Rhin,0,0,0,0
782,Eldena,60,Bbar,0,0,0,1
783,Eldena,60,Eser,0,0,0,0
784,Eldena,60,Mbec,0,0,0,1
785,Eldena,60,Mdas,0,1,0,3
786,Eldena,60,Mdau,82,79,58,2365
787,Eldena,60,Mema,0,1,0,2
788,Eldena,60,Mmyo,9,2,4,79
789,Eldena,60,Mbra,17,0,4,46
790,Eldena,60,Mnat,193,86,224,6561
791,Eldena,60,Nnoc,0,0,0,0
792,Eldena,60,Ppip,0,0,0,2
793,Eldena,60,Paur,10,7,5,393
794,Eldena,60,Rhin,0,0,0,0
795,Eldena,61,Bbar,0,0,0,1
796,Eldena,61,Eser,0,0,0,0
797,Eldena,61,Mbec,0,0,0,1
798,Eldena,61,Mdas,0,1,0,3
799,Eldena,61,Mdau,82,75,64,2365
800,Eldena,61,Mema,0,1,0,2
801,Eldena,61,Mmyo,9,2,4,79
802,Eldena,61,Mbra,15,0,5,46
803,Eldena,61,Mnat,190,85,237,6561
804,Eldena,61,Nnoc,0,0,0,0
805,Eldena,61,Ppip,0,0,0,2
806,Eldena,61,Paur,10,7,7,393
807,Eldena,61,Rhin,0,0,0,0
808,Eldena,62,Bbar,0,0,0,1
809,Eldena,62,Eser,0,0,0,0
810,Eldena,62,Mbec,0,0,0,1
811,Eldena,62,Mdas,0,1,0,3
812,Eldena,62,Mdau,78,72,67,2365
813,Eldena,62,Mema,0,1,0,2
814,Eldena,62,Mmyo,9,2,5,79
815,Eldena,62,Mbra,14,0,5,46
816,Eldena,62,Mnat,188,81,243,6561
817,Eldena,62,Nnoc,0,0,0,0
818,Eldena,62,Ppip,0,0,0,2
819,Eldena,62,Paur,10,6,8,393
820,Eldena,62,Rhin,0,0,0,0
821,Eldena,63,Bbar,0,0,0,1
822,Eldena,63,Eser,0,0,0,0
823,Eldena,63,Mbec,0,0,0,1
824,Eldena,63,Mdas,0,1,0,3
825,Eldena,63,Mdau,76,66,71,2365
826,Eldena,63,Mema,0,1,0,2
827,Eldena,63,Mmyo,9,2,6,79
828,Eldena,63,Mbra,14,0,6,46
829,Eldena,63,Mnat,184,78,249,6561
830,Eldena,63,Nnoc,0,0,0,0
831,Eldena,63,Ppip,0,0,0,2
832,Eldena,63,Paur,8,6,8,393
833,Eldena,63,Rhin,0,0,0,0
834,Eldena,64,Bbar,0,0,0,1
835,Eldena,64,Eser,0,0,0,0
836,Eldena,64,Mbec,0,0,0,1
837,Eldena,64,Mdas,0,1,0,3
838,Eldena,64,Mdau,71,59,76,2365
839,Eldena,64,Mema,0,1,0,2
840,Eldena,64,Mmyo,9,2,6,79
841,Eldena,64,Mbra,12,0,6,46
842,Eldena,64,Mnat,179,74,259,6561
843,Eldena,64,Nnoc,0,0,0,0
844,Eldena,64,Ppip,0,0,0,2
845,Eldena,64,Paur,8,5,8,393
846,Eldena,64,Rhin,0,0,0,0
847,Eldena,65,Bbar,0,0,0,1
848,Eldena,65,Eser,0,0,0,0
849,Eldena,65,Mbec,0,0,0,1
850,Eldena,65,Mdas,0,1,0,3
851,Eldena,65,Mdau,70,58,79,2365
852,Eldena,65,Mema,0,1,0,2
853,Eldena,65,Mmyo,9,2,6,79
854,Eldena,65,Mbra,11,0,7,46
855,Eldena,65,Mnat,177,72,267,6561
856,Eldena,65,Nnoc,0,0,0,0
857,Eldena,65,Ppip,0,0,0,2
858,Eldena,65,Paur,7,3,8,393
859,Eldena,65,Rhin,0,0,0,0
860,Eldena,66,Bbar,0,0,0,1
861,Eldena,66,Eser,0,0,0,0
862,Eldena,66,Mbec,0,0,0,1
863,Eldena,66,Mdas,0,1,0,3
864,Eldena,66,Mdau,67,55,82,2365
865,Eldena,66,Mema,0,1,0,2
866,Eldena,66,Mmyo,9,2,6,79
867,Eldena,66,Mbra,11,0,7,46
868,Eldena,66,Mnat,173,70,275,6561
869,Eldena,66,Nnoc,0,0,0,0
870,Eldena,66,Ppip,0,0,0,2
871,Eldena,66,Paur,7,1,8,393
872,Eldena,66,Rhin,0,0,0,0
873,Eldena,67,Bbar,0,0,0,1
874,Eldena,67,Eser,0,0,0,0
875,Eldena,67,Mbec,0,0,0,1
876,Eldena,67,Mdas,0,0,0,3
877,Eldena,67,Mdau,63,52,84,2365
878,Eldena,67,Mema,0,1,0,2
879,Eldena,67,Mmyo,9,1,6,79
880,Eldena,67,Mbra,10,0,7,46
881,Eldena,67,Mnat,172,67,286,6561
882,Eldena,67,Nnoc,0,0,0,0
883,Eldena,67,Ppip,0,0,0,2
884,Eldena,67,Paur,7,1,9,393
885,Eldena,67,Rhin,0,0,0,0
886,Eldena,68,Bbar,0,0,0,1
887,Eldena,68,Eser,0,0,0,0
888,Eldena,68,Mbec,0,0,0,1
889,Eldena,68,Mdas,0,0,0,3
890,Eldena,68,Mdau,61,48,87,2365
891,Eldena,68,Mema,0,1,0,2
892,Eldena,68,Mmyo,8,1,7,79
893,Eldena,68,Mbra,10,0,7,46
894,Eldena,68,Mnat,169,64,300,6561
895,Eldena,68,Nnoc,0,0,0,0
896,Eldena,68,Ppip,0,0,0,2
897,Eldena,68,Paur,7,1,9,393
898,Eldena,68,Rhin,0,0,0,0
899,Eldena,69,Bbar,0,0,0,1
900,Eldena,69,Eser,0,0,0,0
901,Eldena,69,Mbec,0,0,0,1
902,Eldena,69,Mdas,0,0,0,3
903,Eldena,69,Mdau,61,41,96,2365
904,Eldena,69,Mema,0,1,0,2
905,Eldena,69,Mmyo,8,1,8,79
906,Eldena,69,Mbra,10,0,7,46
907,Eldena,69,Mnat,163,63,307,6561
908,Eldena,69,Nnoc,0,0,0,0
909,Eldena,69,Ppip,0,0,0,2
910,Eldena,69,Paur,5,1,9,393
911,Eldena,69,Rhin,0,0,0,0
912,Eldena,70,Bbar,0,0,0,1
913,Eldena,70,Eser,0,0,0,0
914,Eldena,70,Mbec,0,0,0,1
915,Eldena,70,Mdas,0,0,0,3
916,Eldena,70,Mdau,59,39,104,2365
917,Eldena,70,Mema,0,1,0,2
918,Eldena,70,Mmyo,8,1,8,79
919,Eldena,70,Mbra,10,0,7,46
920,Eldena,70,Mnat,161,61,323,6561
921,Eldena,70,Nnoc,0,0,0,0
922,Eldena,70,Ppip,0,0,0,2
923,Eldena,70,Paur,5,1,9,393
924,Eldena,70,Rhin,0,0,0,0
925,Eldena,71,Bbar,0,0,0,1
926,Eldena,71,Eser,0,0,0,0
927,Eldena,71,Mbec,0,0,0,1
928,Eldena,71,Mdas,0,0,0,3
929,Eldena,71,Mdau,59,33,110,2365
930,Eldena,71,Mema,0,1,0,2
931,Eldena,71,Mmyo,8,1,9,79
932,Eldena,71,Mbra,9,0,8,46
933,Eldena,71,Mnat,157,61,328,6561
934,Eldena,71,Nnoc,0,0,0,0
935,Eldena,71,Ppip,0,0,0,2
936,Eldena,71,Paur,4,1,9,393
937,Eldena,71,Rhin,0,0,0,0
938,Eldena,72,Bbar,0,0,0,1
939,Eldena,72,Eser,0,0,0,0
940,Eldena,72,Mbec,0,0,0,1
941,Eldena,72,Mdas,0,0,0,3
942,Eldena,72,Mdau,57,31,116,2365
943,Eldena,72,Mema,0,1,0,2
944,Eldena,72,Mmyo,6,1,10,79
945,Eldena,72,Mbra,9,0,8,46
946,Eldena,72,Mnat,156,56,344,6561
947,Eldena,72,Nnoc,0,0,0,0
948,Eldena,72,Ppip,0,0,0,2
949,Eldena,72,Paur,3,1,9,393
950,Eldena,72,Rhin,0,0,0,0
951,Eldena,73,Bbar,0,0,0,1
952,Eldena,73,Eser,0,0,0,0
953,Eldena,73,Mbec,0,0,0,1
954,Eldena,73,Mdas,0,0,0,3
955,Eldena,73,Mdau,57,31,126,2365
956,Eldena,73,Mema,0,1,0,2
957,Eldena,73,Mmyo,5,1,10,79
958,Eldena,73,Mbra,9,0,8,46
959,Eldena,73,Mnat,156,55,356,6561
960,Eldena,73,Nnoc,0,0,0,0
961,Eldena,73,Ppip,0,0,0,2
962,Eldena,73,Paur,3,1,9,393
963,Eldena,73,Rhin,0,0,0,0
964,Eldena,74,Bbar,0,0,0,1
965,Eldena,74,Eser,0,0,0,0
966,Eldena,74,Mbec,0,0,0,1
967,Eldena,74,Mdas,0,0,0,3
968,Eldena,74,Mdau,56,27,139,2365
969,Eldena,74,Mema,0,1,0,2
970,Eldena,74,Mmyo,4,0,13,79
971,Eldena,74,Mbra,8,0,8,46
972,Eldena,74,Mnat,152,53,373,6561
973,Eldena,74,Nnoc,0,0,0,0
974,Eldena,74,Ppip,0,0,0,2
975,Eldena,74,Paur,3,1,9,393
976,Eldena,74,Rhin,0,0,0,0
977,Eldena,75,Bbar,0,0,0,1
978,Eldena,75,Eser,0,0,0,0
979,Eldena,75,Mbec,0,0,0,1
980,Eldena,75,Mdas,0,0,0,3
981,Eldena,75,Mdau,54,26,148,2365
982,Eldena,75,Mema,0,1,0,2
983,Eldena,75,Mmyo,4,0,14,79
984,Eldena,75,Mbra,8,0,9,46
985,Eldena,75,Mnat,151,51,389,6561
986,Eldena,75,Nnoc,0,0,0,0
987,Eldena,75,Ppip,0,0,0,2
988,Eldena,75,Paur,2,0,9,393
989,Eldena,75,Rhin,0,0,0,0
990,Eldena,76,Bbar,0,0,0,1
991,Eldena,76,Eser,0,0,0,0
992,Eldena,76,Mbec,0,0,0,1
993,Eldena,76,Mdas,0,0,0,3
994,Eldena,76,Mdau,54,26,152,2365
995,Eldena,76,Mema,0,1,0,2
996,Eldena,76,Mmyo,4,0,14,79
997,Eldena,76,Mbra,8,0,9,46
998,Eldena,76,Mnat,151,51,404,6561
999,Eldena,76,Nnoc,0,0,0,0
1000,Eldena,76,Ppip,0,0,0,2
1001,Eldena,76,Paur,2,0,10,393
1002,Eldena,76,Rhin,0,0,0,0
1003,Eldena,77,Bbar,0,0,0,1
1004,Eldena,77,Eser,0,0,0,0
1005,Eldena,77,Mbec,0,0,0,1
1006,Eldena,77,Mdas,0,0,0,3
1007,Eldena,77,Mdau,53,22,158,2365
1008,Eldena,77,Mema,0,1,0,2
1009,Eldena,77,Mmyo,4,0,14,79
1010,Eldena,77,Mbra,7,0,9,46
1011,Eldena,77,Mnat,148,50,423,6561
1012,Eldena,77,Nnoc,0,0,0,0
1013,Eldena,77,Ppip,0,0,0,2
1014,Eldena,77,Paur,2,0,10,393
1015,Eldena,77,Rhin,0,0,0,0
1016,Eldena,78,Bbar,0,0,0,1
1017,Eldena,78,Eser,0,0,0,0
1018,Eldena,78,Mbec,0,0,0,1
1019,Eldena,78,Mdas,0,0,0,3
1020,Eldena,78,Mdau,51,20,169,2365
1021,Eldena,78,Mema,0,1,0,2
1022,Eldena,78,Mmyo,4,0,15,79
1023,Eldena,78,Mbra,7,0,9,46
1024,Eldena,78,Mnat,146,48,434,6561
1025,Eldena,78,Nnoc,0,0,0,0
1026,Eldena,78,Ppip,0,0,0,2
1027,Eldena,78,Paur,2,0,11,393
1028,Eldena,78,Rhin,0,0,0,0
1029,Eldena,79,Bbar,0,0,0,1
1030,Eldena,79,Eser,0,0,0,0
1031,Eldena,79,Mbec,0,0,0,1
1032,Eldena,79,Mdas,0,0,0,3
1033,Eldena,79,Mdau,49,19,177,2365
1034,Eldena,79,Mema,0,1,0,2
1035,Eldena,79,Mmyo,3,0,15,79
1036,Eldena,79,Mbra,7,0,9,46
1037,Eldena,79,Mnat,145,45,456,6561
1038,Eldena,79,Nnoc,0,0,0,0
1039,Eldena,79,Ppip,0,0,0,2
1040,Eldena,79,Paur,2,0,12,393
1041,Eldena,79,Rhin,0,0,0,0
1042,Eldena,80,Bbar,0,0,0,1
1043,Eldena,80,Eser,0,0,0,0
1044,Eldena,80,Mbec,0,0,0,1
1045,Eldena,80,Mdas,0,0,0,3
1046,Eldena,80,Mdau,48,18,187,2365
1047,Eldena,80,Mema,0,1,0,2
1048,Eldena,80,Mmyo,3,0,18,79
1049,Eldena,80,Mbra,6,0,10,46
1050,Eldena,80,Mnat,145,44,469,6561
1051,Eldena,80,Nnoc,0,0,0,0
1052,Eldena,80,Ppip,0,0,0,2
1053,Eldena,80,Paur,2,0,13,393
1054,Eldena,80,Rhin,0,0,0,0
1055,Eldena,81,Bbar,0,0,0,1
1056,Eldena,81,Eser,0,0,0,0
1057,Eldena,81,Mbec,0,0,0,1
1058,Eldena,81,Mdas,0,0,0,3
1059,Eldena,81,Mdau,45,17,202,2365
1060,Eldena,81,Mema,0,1,0,2
1061,Eldena,81,Mmyo,3,0,20,79
1062,Eldena,81,Mbra,6,0,10,46
1063,Eldena,81,Mnat,144,41,492,6561
1064,Eldena,81,Nnoc,0,0,0,0
1065,Eldena,81,Ppip,0,0,0,2
1066,Eldena,81,Paur,2,0,13,393
1067,Eldena,81,Rhin,0,0,0,0
1068,Eldena,82,Bbar,0,0,0,1
1069,Eldena,82,Eser,0,0,0,0
1070,Eldena,82,Mbec,0,0,0,1
1071,Eldena,82,Mdas,0,0,0,3
1072,Eldena,82,Mdau,45,15,211,2365
1073,Eldena,82,Mema,0,0,0,2
1074,Eldena,82,Mmyo,3,0,21,79
1075,Eldena,82,Mbra,3,0,11,46
1076,Eldena,82,Mnat,144,41,506,6561
1077,Eldena,82,Nnoc,0,0,0,0
1078,Eldena,82,Ppip,0,0,0,2
1079,Eldena,82,Paur,2,0,13,393
1080,Eldena,82,Rhin,0,0,0,0
1081,Eldena,83,Bbar,0,0,0,1
1082,Eldena,83,Eser,0,0,0,0
1083,Eldena,83,Mbec,0,0,0,1
1084,Eldena,83,Mdas,0,0,0,3
1085,Eldena,83,Mdau,44,15,222,2365
1086,Eldena,83,Mema,0,0,0,2
1087,Eldena,83,Mmyo,3,0,21,79
1088,Eldena,83,Mbra,3,0,12,46
1089,Eldena,83,Mnat,144,40,528,6561
1090,Eldena,83,Nnoc,0,0,0,0
1091,Eldena,83,Ppip,0,0,0,2
1092,Eldena,83,Paur,2,0,14,393
1093,Eldena,83,Rhin,0,0,0,0
1094,Eldena,84,Bbar,0,0,0,1
1095,Eldena,84,Eser,0,0,0,0
1096,Eldena,84,Mbec,0,0,0,1
1097,Eldena,84,Mdas,0,0,0,3
1098,Eldena,84,Mdau,42,15,232,2365
1099,Eldena,84,Mema,0,0,0,2
1100,Eldena,84,Mmyo,3,0,23,79
1101,Eldena,84,Mbra,3,0,13,46
1102,Eldena,84,Mnat,144,38,559,6561
1103,Eldena,84,Nnoc,0,0,0,0
1104,Eldena,84,Ppip,0,0,0,2
1105,Eldena,84,Paur,2,0,14,393
1106,Eldena,84,Rhin,0,0,0,0
1107,Eldena,85,Bbar,0,0,0,1
1108,Eldena,85,Eser,0,0,0,0
1109,Eldena,85,Mbec,0,0,0,1
1110,Eldena,85,Mdas,0,0,0,3
1111,Eldena,85,Mdau,42,15,240,2365
1112,Eldena,85,Mema,0,0,0,2
1113,Eldena,85,Mmyo,2,0,25,79
1114,Eldena,85,Mbra,3,0,13,46
1115,Eldena,85,Mnat,144,37,586,6561
1116,Eldena,85,Nnoc,0,0,0,0
1117,Eldena,85,Ppip,0,0,0,2
1118,Eldena,85,Paur,2,0,14,393
1119,Eldena,85,Rhin,0,0,0,0
1120,Eldena,86,Bbar,0,0,0,1
1121,Eldena,86,Eser,0,0,0,0
1122,Eldena,86,Mbec,0,0,0,1
1123,Eldena,86,Mdas,0,0,0,3
1124,Eldena,86,Mdau,41,11,255,2365
1125,Eldena,86,Mema,0,0,0,2
1126,Eldena,86,Mmyo,2,0,26,79
1127,Eldena,86,Mbra,3,0,13,46
1128,Eldena,86,Mnat,140,36,613,6561
1129,Eldena,86,Nnoc,0,0,0,0
1130,Eldena,86,Ppip,0,0,0,2
1131,Eldena,86,Paur,2,0,15,393
1132,Eldena,86,Rhin,0,0,0,0
1133,Eldena,87,Bbar,0,0,0,1
1134,Eldena,87,Eser,0,0,0,0
1135,Eldena,87,Mbec,0,0,0,1
1136,Eldena,87,Mdas,0,0,0,3
1137,Eldena,87,Mdau,40,11,269,2365
1138,Eldena,87,Mema,0,0,0,2
1139,Eldena,87,Mmyo,2,0,29,79
1140,Eldena,87,Mbra,3,0,13,46
1141,Eldena,87,Mnat,140,35,634,6561
1142,Eldena,87,Nnoc,0,0,0,0
1143,Eldena,87,Ppip,0,0,0,2
1144,Eldena,87,Paur,2,0,15,393
1145,Eldena,87,Rhin,0,0,0,0
1146,Eldena,88,Bbar,0,0,0,1
1147,Eldena,88,Eser,0,0,0,0
1148,Eldena,88,Mbec,0,0,0,1
1149,Eldena,88,Mdas,0,0,0,3
1150,Eldena,88,Mdau,37,10,284,2365
1151,Eldena,88,Mema,0,0,0,2
1152,Eldena,88,Mmyo,1,0,30,79
1153,Eldena,88,Mbra,3,0,13,46
1154,Eldena,88,Mnat,139,31,654,6561
1155,Eldena,88,Nnoc,0,0,0,0
1156,Eldena,88,Ppip,0,0,0,2
1157,Eldena,88,Paur,2,0,15,393
1158,Eldena,88,Rhin,0,0,0,0
1159,Eldena,89,Bbar,0,0,0,1
1160,Eldena,89,Eser,0,0,0,0
1161,Eldena,89,Mbec,0,0,0,1
1162,Eldena,89,Mdas,0,0,0,3
1163,Eldena,89,Mdau,37,10,298,2365
1164,Eldena,89,Mema,0,0,0,2
1165,Eldena,89,Mmyo,1,0,31,79
1166,Eldena,89,Mbra,3,0,13,46
1167,Eldena,89,Mnat,139,31,683,6561
1168,Eldena,89,Nnoc,0,0,0,0
1169,Eldena,89,Ppip,0,0,0,2
1170,Eldena,89,Paur,2,0,15,393
1171,Eldena,89,Rhin,0,0,0,0
1172,Eldena,90,Bbar,0,0,0,1
1173,Eldena,90,Eser,0,0,0,0
1174,Eldena,90,Mbec,0,0,0,1
1175,Eldena,90,Mdas,0,0,0,3
1176,Eldena,90,Mdau,32,10,312,2365
1177,Eldena,90,Mema,0,0,0,2
1178,Eldena,90,Mmyo,1,0,34,79
1179,Eldena,90,Mbra,3,0,14,46
1180,Eldena,90,Mnat,139,26,710,6561
1181,Eldena,90,Nnoc,0,0,0,0
1182,Eldena,90,Ppip,0,0,0,2
1183,Eldena,90,Paur,2,0,15,393
1184,Eldena,90,Rhin,0,0,0,0
1185,Eldena,91,Bbar,0,0,0,1
1186,Eldena,91,Eser,0,0,0,0
1187,Eldena,91,Mbec,0,0,0,1
1188,Eldena,91,Mdas,0,0,0,3
1189,Eldena,91,Mdau,31,9,339,2365
1190,Eldena,91,Mema,0,0,0,2
1191,Eldena,91,Mmyo,1,0,35,79
1192,Eldena,91,Mbra,3,0,15,46
1193,Eldena,91,Mnat,138,25,736,6561
1194,Eldena,91,Nnoc,0,0,0,0
1195,Eldena,91,Ppip,0,0,0,2
1196,Eldena,91,Paur,2,0,15,393
1197,Eldena,91,Rhin,0,0,0,0
1198,Eldena,92,Bbar,0,0,0,1
1199,Eldena,92,Eser,0,0,0,0
1200,Eldena,92,Mbec,0,0,0,1
1201,Eldena,92,Mdas,0,0,0,3
1202,Eldena,92,Mdau,31,9,368,2365
1203,Eldena,92,Mema,0,0,0,2
1204,Eldena,92,Mmyo,1,0,36,79
1205,Eldena,92,Mbra,3,0,15,46
1206,Eldena,92,Mnat,138,24,766,6561
1207,Eldena,92,Nnoc,0,0,0,0
1208,Eldena,92,Ppip,0,0,0,2
1209,Eldena,92,Paur,1,0,15,393
1210,Eldena,92,Rhin,0,0,0,0
1211,Eldena,93,Bbar,0,0,0,1
1212,Eldena,93,Eser,0,0,0,0
1213,Eldena,93,Mbec,0,0,0,1
1214,Eldena,93,Mdas,0,0,0,3
1215,Eldena,93,Mdau,30,7,397,2365
1216,Eldena,93,Mema,0,0,0,2
1217,Eldena,93,Mmyo,1,0,38,79
1218,Eldena,93,Mbra,3,0,16,46
1219,Eldena,93,Mnat,136,23,799,6561
1220,Eldena,93,Nnoc,0,0,0,0
1221,Eldena,93,Ppip,0,0,0,2
1222,Eldena,93,Paur,1,0,16,393
1223,Eldena,93,Rhin,0,0,0,0
1224,Eldena,94,Bbar,0,0,0,1
1225,Eldena,94,Eser,0,0,0,0
1226,Eldena,94,Mbec,0,0,0,1
1227,Eldena,94,Mdas,0,0,0,3
1228,Eldena,94,Mdau,29,6,417,2365
1229,Eldena,94,Mema,0,0,0,2
1230,Eldena,94,Mmyo,1,0,43,79
1231,Eldena,94,Mbra,3,0,16,46
1232,Eldena,94,Mnat,135,22,853,6561
1233,Eldena,94,Nnoc,0,0,0,0
1234,Eldena,94,Ppip,0,0,0,2
1235,Eldena,94,Paur,1,0,17,393
1236,Eldena,94,Rhin,0,0,0,0
1237,Eldena,95,Bbar,0,0,0,1
1238,Eldena,95,Eser,0,0,0,0
1239,Eldena,95,Mbec,0,0,0,1
1240,Eldena,95,Mdas,0,0,0,3
1241,Eldena,95,Mdau,25,5,443,2365
1242,Eldena,95,Mema,0,0,0,2
1243,Eldena,95,Mmyo,1,0,44,79
1244,Eldena,95,Mbra,3,0,16,46
1245,Eldena,95,Mnat,134,18,920,6561
1246,Eldena,95,Nnoc,0,0,0,0
1247,Eldena,95,Ppip,0,0,0,2
1248,Eldena,95,Paur,1,0,18,393
1249,Eldena,95,Rhin,0,0,0,0
1250,Eldena,96,Bbar,0,0,0,1
1251,Eldena,96,Eser,0,0,0,0
1252,Eldena,96,Mbec,0,0,0,1
1253,Eldena,96,Mdas,0,0,0,3
1254,Eldena,96,Mdau,23,4,475,2365
1255,Eldena,96,Mema,0,0,0,2
1256,Eldena,96,Mmyo,0,0,45,79
1257,Eldena,96,Mbra,3,0,17,46
1258,Eldena,96,Mnat,133,15,998,6561
1259,Eldena,96,Nnoc,0,0,0,0
1260,Eldena,96,Ppip,0,0,0,2
1261,Eldena,96,Paur,1,0,19,393
1262,Eldena,96,Rhin,0,0,0,0
1263,Eldena,97,Bbar,0,0,0,1
1264,Eldena,97,Eser,0,0,0,0
1265,Eldena,97,Mbec,0,0,0,1
1266,Eldena,97,Mdas,0,0,0,3
1267,Eldena,97,Mdau,21,4,533,2365
1268,Eldena,97,Mema,0,0,0,2
1269,Eldena,97,Mmyo,0,0,47,79
1270,Eldena,97,Mbra,3,0,17,46
1271,Eldena,97,Mnat,133,13,1083,6561
1272,Eldena,97,Nnoc,0,0,0,0
1273,Eldena,97,Ppip,0,0,0,2
1274,Eldena,97,Paur,1,0,20,393
1275,Eldena,97,Rhin,0,0,0,0
1276,Eldena,98,Bbar,0,0,0,1
1277,Eldena,98,Eser,0,0,0,0
1278,Eldena,98,Mbec,0,0,0,1
1279,Eldena,98,Mdas,0,0,0,3
1280,Eldena,98,Mdau,18,4,609,2365
1281,Eldena,98,Mema,0,0,0,2
1282,Eldena,98,Mmyo,0,0,50,79
1283,Eldena,98,Mbra,3,0,17,46
1284,Eldena,98,Mnat,133,10,1203,6561
1285,Eldena,98,Nnoc,0,0,0,0
1286,Eldena,98,Ppip,0,0,0,2
1287,Eldena,98,Paur,1,0,21,393
1288,Eldena,98,Rhin,0,0,0,0
1289,Eldena,99,Bbar,0,0,0,1
1290,Eldena,99,Eser,0,0,0,0
1291,Eldena,99,Mbec,0,0,0,1
1292,Eldena,99,Mdas,0,0,0,3
1293,Eldena,99,Mdau,15,2,728,2365
1294,Eldena,99,Mema,0,0,0,2
1295,Eldena,99,Mmyo,0,0,52,79
1296,Eldena,99,Mbra,1,0,17,46
1297,Eldena,99,Mnat,133,7,1455,6561
1298,Eldena,99,Nnoc,0,0,0,0
1299,Eldena,99,Ppip,0,0,0,2
1300,Eldena,99,Paur,1,0,26,393
1301,Eldena,99,Rhin,0,0,0,0
1302,Eldena,100,Bbar,0,0,0,1
1303,Eldena,100,Eser,0,0,0,0
1304,Eldena,100,Mbec,0,0,0,1
1305,Eldena,100,Mdas,0,0,0,3
1306,Eldena,100,Mdau,0,0,978,2365
1307,Eldena,100,Mema,0,0,0,2
1308,Eldena,100,Mmyo,0,0,57,79
1309,Eldena,100,Mbra,0,0,21,46
1310,Eldena,100,Mnat,0,0,2056,6561
1311,Eldena,100,Nnoc,0,0,0,0
1312,Eldena,100,Ppip,0,0,0,2
1313,Eldena,100,Paur,0,0,37,393
1314,Eldena,100,Rhin,0,0,0,0
