Filename;Date;Time;Flag;Multiple;Species;Code;Confidence level;
P1120001.JPG;2019.04.06;23:30:32;unsure;;Myotis nattereri;Mnat;52.6;
P1120002.JPG;2019.04.06;23:38:11;;;Myotis myotis_Myotis blythii;;99.6;
P1120003.JPG;2019.04.06;23:39:14;;;Myotis myotis_Myotis blythii;;100.0;
P1120004.JPG;2019.04.06;23:44:53;;;Myotis myotis_Myotis blythii;;100.0;
P1120005.JPG;2019.04.06;23:45:09;;;Myotis myotis_Myotis blythii;;99.6;
P1120006.JPG;2019.04.06;23:45:13;;;Myotis myotis_Myotis blythii;;100.0;
P1120007.JPG;2019.04.06;23:46:11;;;Myotis myotis_Myotis blythii;;100.0;
P1120008.JPG;2019.04.06;23:54:06;;;Myotis nattereri;Mnat;100.0;
P1120009.JPG;2019.04.07;00:02:11;;;Myotis bechsteinii;Mbec;99.9;
P1120010.JPG;2019.04.07;00:03:39;;;Myotis nattereri;Mnat;100.0;
P1120011.JPG;2019.04.07;00:08:03;;;Myotis myotis_Myotis blythii;;100.0;
P1120012.JPG;2019.04.07;00:14:59;;;Myotis daubentonii;Mdau;100.0;
P1120013.JPG;2019.04.07;00:31:34;;;Myotis myotis_Myotis blythii;;100.0;
P1120014.JPG;2019.04.07;00:31:48;;;Myotis myotis_Myotis blythii;;100.0;
P1120015.JPG;2019.04.07;00:41:13;;;Myotis myotis_Myotis blythii;;99.8;
P1120016.JPG;2019.04.07;00:42:02;;;Myotis myotis_Myotis blythii;;100.0;
P1120017.JPG;2019.04.07;00:42:10;;;Myotis myotis_Myotis blythii;;100.0;
P1120018.JPG;2019.04.07;00:51:23;;;Myotis myotis_Myotis blythii;;99.9;
P1120019.JPG;2019.04.07;01:10:10;;;Myotis bechsteinii;Mbec;100.0;
P1120020.JPG;2019.04.07;01:10:19;;;Myotis bechsteinii;Mbec;99.9;
P1120021.JPG;2019.04.07;01:10:41;;;Myotis bechsteinii;Mbec;99.9;
P1120022.JPG;2019.04.07;01:10:51;;;Myotis bechsteinii;Mbec;99.9;
P1120023.JPG;2019.04.07;01:22:52;;;Myotis nattereri;Mnat;99.9;
P1120024.JPG;2019.04.07;01:25:27;;;Myotis daubentonii;Mdau;100.0;
P1120025.JPG;2019.04.07;01:39:43;;;Myotis myotis_Myotis blythii;;100.0;
P1120026.JPG;2019.04.07;01:41:44;;;Myotis myotis_Myotis blythii;;100.0;
P1120027.JPG;2019.04.07;01:42:21;;;Myotis myotis_Myotis blythii;;100.0;
P1120028.JPG;2019.04.07;01:44:09;;;Myotis myotis_Myotis blythii;;99.9;
P1120029.JPG;2019.04.07;01:53:27;;;Myotis nattereri;Mnat;100.0;
P1120030.JPG;2019.04.07;02:17:24;;;Myotis nattereri;Mnat;100.0;
P1120031.JPG;2019.04.07;02:17:44;;;Myotis bechsteinii;Mbec;100.0;
P1120032.JPG;2019.04.07;02:31:28;;;Myotis bechsteinii;Mbec;100.0;
P1120033.JPG;2019.04.07;02:34:39;;;Myotis myotis_Myotis blythii;;100.0;
P1120034.JPG;2019.04.07;03:13:13;;;Myotis nattereri;Mnat;99.9;
P1120035.JPG;2019.04.07;03:13:15;;;Myotis myotis_Myotis blythii;;100.0;
P1120036.JPG;2019.04.07;03:20:13;;;Myotis myotis_Myotis blythii;;100.0;
P1120037.JPG;2019.04.07;03:21:13;;;Myotis myotis_Myotis blythii;;100.0;
P1120038.JPG;2019.04.07;03:21:44;;;Myotis myotis_Myotis blythii;;100.0;
P1120039.JPG;2019.04.07;03:37:11;;;Myotis nattereri;Mnat;100.0;
P1120040.JPG;2019.04.07;03:38:33;;;Myotis daubentonii;Mdau;99.9;
P1120041.JPG;2019.04.07;03:41:41;;;Myotis myotis_Myotis blythii;;100.0;
P1120042.JPG;2019.04.07;03:44:39;;;Myotis myotis_Myotis blythii;;100.0;
P1120043.JPG;2019.04.07;03:53:12;;;Myotis nattereri;Mnat;100.0;
P1120044.JPG;2019.04.07;03:58:26;;;Myotis myotis_Myotis blythii;;99.8;
P1120045.JPG;2019.04.07;04:02:41;;;Myotis nattereri;Mnat;100.0;
P1120046.JPG;2019.04.07;04:30:03;;;Myotis bechsteinii;Mbec;99.9;
P1120047.JPG;2019.04.07;04:30:45;;;Myotis bechsteinii;Mbec;98.2;
P1120048.JPG;2019.04.07;04:30:45;;multiple;Myotis bechsteinii;Mbec;96.8;
P1120048.JPG;2019.04.07;04:30:45;;multiple;Myotis bechsteinii;Mbec;99.9;
P1120049.JPG;2019.04.07;04:31:47;;;Myotis bechsteinii;Mbec;99.6;
P1120050.JPG;2019.04.07;04:33:49;;;Myotis bechsteinii;Mbec;100.0;
P1120051.JPG;2019.04.07;04:55:27;;;Myotis nattereri;Mnat;100.0;
P1120052.JPG;2019.04.07;05:25:05;;;Myotis myotis_Myotis blythii;;100.0;
P1120053.JPG;2019.04.07;05:39:21;;;Myotis daubentonii;Mdau;100.0;
P1120054.JPG;2019.04.07;05:41:27;;;Myotis myotis_Myotis blythii;;100.0;
P1120055.JPG;2019.04.07;06:04:12;;;Myotis myotis_Myotis blythii;;100.0;
P1120056.JPG;2019.04.07;06:26:46;;;Myotis myotis_Myotis blythii;;100.0;
P1120057.JPG;2019.04.07;06:33:07;;;Myotis nattereri;Mnat;99.2;
P1120058.JPG;2019.04.07;06:40:20;;;Myotis nattereri;Mnat;99.9;
P1120059.JPG;2019.04.07;06:46:18;;;Myotis myotis_Myotis blythii;;100.0;
P1120060.JPG;2019.04.07;06:47:42;;;Myotis myotis_Myotis blythii;;100.0;
P1120061.JPG;2019.04.07;06:48:04;;;Myotis myotis_Myotis blythii;;100.0;
P1120062.JPG;2019.04.07;06:54:15;;;Myotis bechsteinii;Mbec;98.4;
P1120063.JPG;2019.04.07;06:56:10;;;Myotis nattereri;Mnat;100.0;
P1120064.JPG;2019.04.07;06:56:13;;;Myotis nattereri;Mnat;99.9;
P1120065.JPG;2019.04.07;07:04:58;;;Myotis myotis_Myotis blythii;;100.0;
P1120066.JPG;2019.04.07;07:08:59;;;Myotis nattereri;Mnat;100.0;
P1120067.JPG;2019.04.07;07:21:42;;;Myotis myotis_Myotis blythii;;100.0;
P1120068.JPG;2019.04.07;07:34:26;;;Myotis daubentonii;Mdau;100.0;
P1120069.JPG;2019.04.07;07:43:45;;;Myotis myotis_Myotis blythii;;100.0;
P1120070.JPG;2019.04.07;08:09:14;;;Myotis myotis_Myotis blythii;;100.0;
P1120071.JPG;2019.04.07;08:12:03;;;Myotis myotis_Myotis blythii;;99.9;
P1120072.JPG;2019.04.07;08:12:43;;;Myotis myotis_Myotis blythii;;100.0;
P1120073.JPG;2019.04.07;08:13:38;;;Myotis myotis_Myotis blythii;;100.0;
P1120074.JPG;2019.04.07;08:20:28;;;Myotis bechsteinii;Mbec;100.0;
P1120075.JPG;2019.04.07;09:00:22;;;Myotis nattereri;Mnat;100.0;
P1120076.JPG;2019.04.07;09:26:30;;;Myotis daubentonii;Mdau;100.0;
P1120077.JPG;2019.04.07;09:29:17;;;Myotis bechsteinii;Mbec;99.9;
P1120078.JPG;2019.04.07;09:58:46;;;Myotis bechsteinii;Mbec;99.9;
P1120079.JPG;2019.04.07;10:12:23;;;Myotis nattereri;Mnat;99.9;
P1120080.JPG;2019.04.07;10:44:19;;;Myotis nattereri;Mnat;100.0;
P1120081.JPG;2019.04.07;10:44:26;;;Myotis nattereri;Mnat;99.3;
P1120082.JPG;2019.04.07;11:24:23;;;Myotis daubentonii;Mdau;100.0;
P1120083.JPG;2019.04.07;11:28:57;;;Myotis bechsteinii;Mbec;99.9;
P1120084.JPG;2019.04.07;12:17:15;;;Myotis bechsteinii;Mbec;99.9;
P1120085.JPG;2019.04.07;12:28:18;;;Myotis bechsteinii;Mbec;100.0;
P1120086.JPG;2019.04.07;12:43:51;;;Myotis nattereri;Mnat;100.0;
P1120087.JPG;2019.04.07;12:48:45;;;Myotis daubentonii;Mdau;100.0;
P1120088.JPG;2019.04.07;13:11:15;;;Myotis nattereri;Mnat;100.0;
P1120089.JPG;2019.04.07;13:11:18;;;Myotis nattereri;Mnat;99.5;
P1120090.JPG;2019.04.07;13:22:04;unsure;;Myotis nattereri;Mnat;59.6;
P1120091.JPG;2019.04.07;13:49:46;;;Myotis bechsteinii;Mbec;99.7;
P1120092.JPG;2019.04.07;13:53:12;;;Myotis daubentonii;Mdau;100.0;
P1120093.JPG;2019.04.07;13:55:33;;;Myotis nattereri;Mnat;100.0;
P1120094.JPG;2019.04.07;13:56:19;;;Myotis bechsteinii;Mbec;100.0;
P1120095.JPG;2019.04.07;13:57:15;;;Myotis nattereri;Mnat;100.0;
P1120096.JPG;2019.04.07;14:37:07;;multiple;Myotis bechsteinii;Mbec;100.0;
P1120096.JPG;2019.04.07;14:37:07;unsure;multiple;Myotis nattereri;Mnat;49.1;
P1120097.JPG;2019.04.07;14:37:07;;;Myotis bechsteinii;Mbec;100.0;
P1120098.JPG;2019.04.07;14:38:01;;;Myotis bechsteinii;Mbec;100.0;
P1120099.JPG;2019.04.07;15:11:17;;;Myotis nattereri;Mnat;100.0;
P1120100.JPG;2019.04.07;15:37:09;;;Myotis nattereri;Mnat;100.0;
P1120101.JPG;2019.04.07;15:45:42;;;Myotis nattereri;Mnat;99.9;
P1120102.JPG;2019.04.07;15:59:58;;;Myotis daubentonii;Mdau;100.0;
P1120103.JPG;2019.04.07;16:21:10;;;Myotis nattereri;Mnat;99.9;
P1120104.JPG;2019.04.07;16:21:18;;;Myotis nattereri;Mnat;100.0;
P1120105.JPG;2019.04.07;16:36:36;;;Myotis nattereri;Mnat;100.0;
P1120106.JPG;2019.04.07;17:50:04;;;Myotis daubentonii;Mdau;100.0;
P1120107.JPG;2019.04.07;17:50:14;;;Myotis daubentonii;Mdau;100.0;
P1120108.JPG;2019.04.07;17:54:46;;;Myotis nattereri;Mnat;100.0;
P1120109.JPG;2019.04.07;18:23:28;;;Myotis nattereri;Mnat;100.0;
P1120110.JPG;2019.04.07;18:23:42;;;Myotis nattereri;Mnat;99.9;
P1120111.JPG;2019.04.07;18:49:16;;;Myotis bechsteinii;Mbec;99.9;
P1120112.JPG;2019.04.07;18:50:37;;;Myotis bechsteinii;Mbec;99.8;
P1120113.JPG;2019.04.07;19:11:08;;;Myotis myotis_Myotis blythii;;100.0;
P1120114.JPG;2019.04.07;19:11:54;;;Myotis myotis_Myotis blythii;;100.0;
P1120115.JPG;2019.04.07;19:25:37;;;Myotis nattereri;Mnat;100.0;
P1120116.JPG;2019.04.07;19:39:19;;;Myotis myotis_Myotis blythii;;99.9;
P1120117.JPG;2019.04.07;19:40:27;;;Myotis bechsteinii;Mbec;99.7;
P1120118.JPG;2019.04.07;19:41:08;;;Myotis bechsteinii;Mbec;98.6;
P1120119.JPG;2019.04.07;19:54:38;;;Myotis daubentonii;Mdau;100.0;
P1120120.JPG;2019.04.07;19:54:56;;;Myotis daubentonii;Mdau;100.0;
P1120121.JPG;2019.04.07;19:55:03;;;Myotis daubentonii;Mdau;100.0;
P1120122.JPG;2019.04.07;20:04:36;;;Myotis nattereri;Mnat;99.6;
P1120123.JPG;2019.04.07;20:04:56;;;Myotis nattereri;Mnat;99.9;
P1120124.JPG;2019.04.07;20:09:03;;;Myotis nattereri;Mnat;100.0;
P1120125.JPG;2019.04.07;20:09:14;;;Myotis nattereri;Mnat;100.0;
P1120126.JPG;2019.04.07;20:22:06;;;Myotis nattereri;Mnat;100.0;
P1120127.JPG;2019.04.07;20:30:40;;;Myotis bechsteinii;Mbec;99.8;
P1120128.JPG;2019.04.07;20:46:06;;;Myotis myotis_Myotis blythii;;100.0;
P1120129.JPG;2019.04.07;20:52:25;;;Myotis myotis_Myotis blythii;;100.0;
P1120130.JPG;2019.04.07;20:54:01;;;Myotis myotis_Myotis blythii;;100.0;
P1120131.JPG;2019.04.07;20:55:07;;;Myotis myotis_Myotis blythii;;99.8;
P1120132.JPG;2019.04.07;20:55:55;;;Myotis daubentonii;Mdau;100.0;
P1120133.JPG;2019.04.07;20:56:09;;;Myotis daubentonii;Mdau;100.0;
P1120134.JPG;2019.04.07;21:07:48;;;Myotis myotis_Myotis blythii;;100.0;
P1120135.JPG;2019.04.07;21:11:50;;;Myotis bechsteinii;Mbec;99.5;
P1120136.JPG;2019.04.07;21:18:10;;;Myotis bechsteinii;Mbec;100.0;
P1120137.JPG;2019.04.07;21:28:13;;;Myotis myotis_Myotis blythii;;100.0;
P1120138.JPG;2019.04.07;21:29:10;;;Myotis bechsteinii;Mbec;100.0;
P1120139.JPG;2019.04.07;21:39:18;;;Myotis bechsteinii;Mbec;99.9;
P1120140.JPG;2019.04.07;21:41:14;;;Myotis bechsteinii;Mbec;100.0;
P1120141.JPG;2019.04.07;21:43:50;;;Myotis bechsteinii;Mbec;100.0;
P1120142.JPG;2019.04.07;21:44:23;;;Myotis bechsteinii;Mbec;99.7;
P1120143.JPG;2019.04.07;21:50:02;;;Myotis nattereri;Mnat;99.7;
P1120144.JPG;2019.04.07;21:50:21;;;Myotis nattereri;Mnat;88.8;
P1120145.JPG;2019.04.07;21:52:16;;;Myotis myotis_Myotis blythii;;100.0;
P1120146.JPG;2019.04.07;22:01:48;;;Myotis myotis_Myotis blythii;;100.0;
P1120147.JPG;2019.04.07;22:31:53;;;Myotis myotis_Myotis blythii;;100.0;
P1120148.JPG;2019.04.07;22:53:30;;;Myotis daubentonii;Mdau;100.0;
P1120149.JPG;2019.04.07;22:53:43;;;Myotis daubentonii;Mdau;100.0;
P1120150.JPG;2019.04.07;22:57:29;;;Myotis nattereri;Mnat;100.0;
P1120151.JPG;2019.04.07;22:57:37;;;Myotis nattereri;Mnat;99.9;
P1120152.JPG;2019.04.07;22:58:48;;;Myotis bechsteinii;Mbec;99.7;
P1120153.JPG;2019.04.07;23:02:34;;;Myotis myotis_Myotis blythii;;100.0;
P1120154.JPG;2019.04.07;23:05:01;;;Myotis myotis_Myotis blythii;;100.0;
P1120155.JPG;2019.04.07;23:06:37;;;Myotis myotis_Myotis blythii;;100.0;
P1120156.JPG;2019.04.07;23:08:23;;;Myotis myotis_Myotis blythii;;100.0;
P1120157.JPG;2019.04.07;23:08:31;;;Myotis myotis_Myotis blythii;;100.0;
P1120158.JPG;2019.04.07;23:09:55;;;Myotis myotis_Myotis blythii;;100.0;
P1120159.JPG;2019.04.07;23:10:04;;;Myotis myotis_Myotis blythii;;100.0;
P1120160.JPG;2019.04.07;23:10:06;;;Myotis myotis_Myotis blythii;;100.0;
P1120161.JPG;2019.04.07;23:10:13;;;Myotis myotis_Myotis blythii;;100.0;
P1120162.JPG;2019.04.07;23:35:30;;;Myotis nattereri;Mnat;100.0;
P1120163.JPG;2019.04.07;23:36:17;;;Myotis myotis_Myotis blythii;;100.0;
P1120164.JPG;2019.04.07;23:36:46;;;Myotis myotis_Myotis blythii;;100.0;
P1120165.JPG;2019.04.07;23:44:52;;;Myotis bechsteinii;Mbec;100.0;
P1120166.JPG;2019.04.08;00:00:43;;;Myotis myotis_Myotis blythii;;100.0;
P1120167.JPG;2019.04.08;00:00:50;;;Myotis myotis_Myotis blythii;;100.0;
P1120168.JPG;2019.04.08;00:14:40;;;Myotis myotis_Myotis blythii;;99.9;
P1120169.JPG;2019.04.08;00:35:27;;;Myotis bechsteinii;Mbec;100.0;
P1120170.JPG;2019.04.08;00:41:46;;;Myotis myotis_Myotis blythii;;100.0;
P1120171.JPG;2019.04.08;00:50:05;;;Myotis myotis_Myotis blythii;;100.0;
P1120172.JPG;2019.04.08;01:01:41;;;Myotis daubentonii;Mdau;100.0;
P1120173.JPG;2019.04.08;01:09:27;;;Myotis myotis_Myotis blythii;;100.0;
P1120174.JPG;2019.04.08;01:10:27;;;Myotis myotis_Myotis blythii;;100.0;
P1120175.JPG;2019.04.08;01:25:41;;;Myotis myotis_Myotis blythii;;100.0;
P1120176.JPG;2019.04.08;01:35:12;;;Myotis bechsteinii;Mbec;99.9;
P1120177.JPG;2019.04.08;01:37:33;;;Myotis bechsteinii;Mbec;99.7;
P1120178.JPG;2019.04.08;01:39:44;;;Myotis nattereri;Mnat;100.0;
P1120179.JPG;2019.04.08;01:42:09;;;Myotis daubentonii;Mdau;100.0;
P1120180.JPG;2019.04.08;01:42:18;;;Myotis daubentonii;Mdau;100.0;
P1120181.JPG;2019.04.08;02:30:46;;;Myotis myotis_Myotis blythii;;100.0;
P1120182.JPG;2019.04.08;02:39:39;;;Myotis daubentonii;Mdau;100.0;
P1120183.JPG;2019.04.08;02:41:50;;;Myotis bechsteinii;Mbec;99.9;
P1120184.JPG;2019.04.08;02:50:09;;;Myotis myotis_Myotis blythii;;100.0;
P1120185.JPG;2019.04.08;02:59:34;;;Myotis myotis_Myotis blythii;;100.0;
P1120186.JPG;2019.04.08;03:00:59;;;Myotis myotis_Myotis blythii;;100.0;
P1120187.JPG;2019.04.08;03:08:56;;;Myotis myotis_Myotis blythii;;100.0;
P1120188.JPG;2019.04.08;03:31:02;;;Myotis bechsteinii;Mbec;100.0;
P1120189.JPG;2019.04.08;03:53:11;;;Myotis nattereri;Mnat;100.0;
P1120190.JPG;2019.04.08;04:18:19;;;Myotis myotis_Myotis blythii;;100.0;
P1120191.JPG;2019.04.08;04:18:45;;;Myotis myotis_Myotis blythii;;100.0;
P1120192.JPG;2019.04.08;04:22:34;;;Myotis bechsteinii;Mbec;100.0;
P1120193.JPG;2019.04.08;04:24:44;;;Myotis bechsteinii;Mbec;94.9;
P1120194.JPG;2019.04.08;04:24:51;;;Myotis bechsteinii;Mbec;100.0;
P1120195.JPG;2019.04.08;04:43:16;;;Myotis myotis_Myotis blythii;;100.0;
P1120196.JPG;2019.04.08;04:43:52;;;Myotis bechsteinii;Mbec;100.0;
P1120197.JPG;2019.04.08;05:03:04;;;Myotis nattereri;Mnat;100.0;
P1120198.JPG;2019.04.08;05:24:30;;;Myotis bechsteinii;Mbec;100.0;
P1120199.JPG;2019.04.08;05:45:15;;;Myotis myotis_Myotis blythii;;100.0;
P1120200.JPG;2019.04.08;05:48:24;;;Myotis myotis_Myotis blythii;;99.6;
P1120201.JPG;2019.04.08;05:49:06;;;Myotis myotis_Myotis blythii;;100.0;
P1120202.JPG;2019.04.08;06:03:00;;;Myotis bechsteinii;Mbec;100.0;
P1120203.JPG;2019.04.08;06:17:38;;;Myotis myotis_Myotis blythii;;100.0;
P1120204.JPG;2019.04.08;06:23:49;;;Myotis bechsteinii;Mbec;99.9;
P1120205.JPG;2019.04.08;06:41:49;;;Myotis bechsteinii;Mbec;100.0;
P1120206.JPG;2019.04.08;06:52:28;;;Myotis myotis_Myotis blythii;;100.0;
P1120207.JPG;2019.04.08;07:23:55;;;Myotis bechsteinii;Mbec;99.7;
P1120208.JPG;2019.04.08;07:35:30;;;Myotis bechsteinii;Mbec;100.0;
P1120209.JPG;2019.04.08;08:14:03;;;Myotis myotis_Myotis blythii;;100.0;
P1120210.JPG;2019.04.08;08:19:22;;;Myotis bechsteinii;Mbec;99.8;
P1120211.JPG;2019.04.08;08:19:24;;;Myotis bechsteinii;Mbec;100.0;
P1120212.JPG;2019.04.08;08:19:42;;;Myotis bechsteinii;Mbec;100.0;
P1120213.JPG;2019.04.08;08:21:17;;;Myotis bechsteinii;Mbec;100.0;
P1120214.JPG;2019.04.08;08:22:41;;;Myotis bechsteinii;Mbec;100.0;
P1120215.JPG;2019.04.08;08:25:10;;;Myotis bechsteinii;Mbec;100.0;
P1120216.JPG;2019.04.08;09:08:38;;;Myotis bechsteinii;Mbec;100.0;
P1120217.JPG;2019.04.08;09:35:14;;;Myotis bechsteinii;Mbec;100.0;
P1120218.JPG;2019.04.08;10:05:23;;;Myotis bechsteinii;Mbec;100.0;
P1120219.JPG;2019.04.08;10:16:58;;;Myotis bechsteinii;Mbec;100.0;
P1120220.JPG;2019.04.08;10:45:03;;;Myotis bechsteinii;Mbec;100.0;
P1120221.JPG;2019.04.08;10:46:52;;;Myotis bechsteinii;Mbec;100.0;
P1120222.JPG;2019.04.08;11:21:43;;;Myotis bechsteinii;Mbec;100.0;
P1120223.JPG;2019.04.08;12:53:45;;;Myotis bechsteinii;Mbec;99.9;
P1120224.JPG;2019.04.08;12:54:18;;;Myotis bechsteinii;Mbec;100.0;
P1120225.JPG;2019.04.08;13:27:06;;;Myotis bechsteinii;Mbec;100.0;
P1120226.JPG;2019.04.08;14:32:13;;;Myotis bechsteinii;Mbec;99.9;
P1120227.JPG;2019.04.08;14:36:45;;multiple;Myotis bechsteinii;Mbec;100.0;
P1120227.JPG;2019.04.08;14:36:45;;multiple;Myotis bechsteinii;Mbec;98.4;
P1120228.JPG;2019.04.08;14:36:55;;;Myotis bechsteinii;Mbec;99.0;
P1120229.JPG;2019.04.08;14:39:35;;multiple;Myotis bechsteinii;Mbec;99.9;
P1120229.JPG;2019.04.08;14:39:35;;multiple;Myotis bechsteinii;Mbec;98.8;
P1120230.JPG;2019.04.08;14:39:39;;;Myotis bechsteinii;Mbec;100.0;
P1120231.JPG;2019.04.08;15:32:47;;;Myotis bechsteinii;Mbec;100.0;
P1120232.JPG;2019.04.08;15:40:23;;;Myotis bechsteinii;Mbec;99.9;
P1120233.JPG;2019.04.08;15:41:33;;;Myotis bechsteinii;Mbec;100.0;
P1120234.JPG;2019.04.08;15:42:08;;;Myotis bechsteinii;Mbec;100.0;
P1120235.JPG;2019.04.08;15:49:57;;;Myotis bechsteinii;Mbec;99.9;
P1120236.JPG;2019.04.08;15:53:57;;;Myotis bechsteinii;Mbec;100.0;
P1120237.JPG;2019.04.08;16:09:16;;;Myotis bechsteinii;Mbec;100.0;
P1120238.JPG;2019.04.08;16:09:36;;;Myotis bechsteinii;Mbec;99.9;
P1120239.JPG;2019.04.08;16:39:05;;;Myotis bechsteinii;Mbec;100.0;
P1120240.JPG;2019.04.08;16:39:36;;;Myotis bechsteinii;Mbec;100.0;
P1120241.JPG;2019.04.08;16:48:50;;;Myotis myotis_Myotis blythii;;99.9;
P1120242.JPG;2019.04.08;16:57:47;;;Myotis bechsteinii;Mbec;100.0;
P1120243.JPG;2019.04.08;16:57:56;;;Myotis bechsteinii;Mbec;100.0;
P1120244.JPG;2019.04.08;16:58:02;;;Myotis bechsteinii;Mbec;100.0;
P1120245.JPG;2019.04.08;17:02:38;;;Myotis bechsteinii;Mbec;100.0;
P1120246.JPG;2019.04.08;17:08:46;;;Myotis bechsteinii;Mbec;100.0;
P1120247.JPG;2019.04.08;17:32:22;;;Myotis myotis_Myotis blythii;;100.0;
P1120248.JPG;2019.04.08;17:32:32;;;Myotis myotis_Myotis blythii;;100.0;
P1120249.JPG;2019.04.08;17:33:19;;;Myotis myotis_Myotis blythii;;100.0;
P1120250.JPG;2019.04.08;17:49:23;;;Myotis myotis_Myotis blythii;;100.0;
P1120251.JPG;2019.04.08;17:49:27;;;Myotis myotis_Myotis blythii;;100.0;
P1120252.JPG;2019.04.08;17:55:26;;;Myotis bechsteinii;Mbec;100.0;
P1120253.JPG;2019.04.08;17:56:10;;;Myotis bechsteinii;Mbec;100.0;
P1120254.JPG;2019.04.08;17:58:49;;;Myotis bechsteinii;Mbec;100.0;
P1120255.JPG;2019.04.08;18:38:16;;;Myotis myotis_Myotis blythii;;100.0;
P1120256.JPG;2019.04.08;18:38:45;;;Myotis myotis_Myotis blythii;;100.0;
P1120257.JPG;2019.04.08;18:52:28;;;Myotis bechsteinii;Mbec;100.0;
P1120258.JPG;2019.04.08;18:53:31;;;Myotis bechsteinii;Mbec;100.0;
P1120259.JPG;2019.04.08;18:58:42;;;Myotis bechsteinii;Mbec;99.9;
P1120260.JPG;2019.04.08;18:58:47;;;Myotis bechsteinii;Mbec;100.0;
P1120261.JPG;2019.04.08;18:59:18;;;Myotis bechsteinii;Mbec;100.0;
P1120262.JPG;2019.04.08;18:59:58;;;Myotis bechsteinii;Mbec;99.9;
P1120263.JPG;2019.04.08;19:02:52;;;Myotis bechsteinii;Mbec;99.9;
P1120264.JPG;2019.04.08;19:10:46;;;Myotis bechsteinii;Mbec;100.0;
P1120265.JPG;2019.04.08;19:21:40;;;Myotis daubentonii;Mdau;100.0;
P1120266.JPG;2019.04.08;19:21:48;;;Myotis daubentonii;Mdau;100.0;
P1120267.JPG;2019.04.08;19:22:02;;;Myotis daubentonii;Mdau;100.0;
P1120268.JPG;2019.04.08;19:56:16;;;Myotis bechsteinii;Mbec;100.0;
P1120269.JPG;2019.04.08;20:05:07;;;Myotis myotis_Myotis blythii;;99.9;
P1120270.JPG;2019.04.08;20:05:12;;;Myotis myotis_Myotis blythii;;99.9;
P1120271.JPG;2019.04.08;20:05:59;;;Myotis myotis_Myotis blythii;;100.0;
P1120272.JPG;2019.04.08;20:06:39;;;Myotis myotis_Myotis blythii;;100.0;
P1120273.JPG;2019.04.08;20:08:24;;;Myotis nattereri;Mnat;100.0;
P1120274.JPG;2019.04.08;20:09:46;;;Myotis bechsteinii;Mbec;100.0;
P1120275.JPG;2019.04.08;20:10:05;;;Myotis bechsteinii;Mbec;100.0;
P1120276.JPG;2019.04.08;20:15:00;;;Myotis bechsteinii;Mbec;100.0;
P1120277.JPG;2019.04.08;20:16:50;;;Myotis bechsteinii;Mbec;100.0;
P1120278.JPG;2019.04.08;20:28:45;;;Myotis bechsteinii;Mbec;100.0;
P1120279.JPG;2019.04.08;20:29:01;;;Myotis bechsteinii;Mbec;96.6;
P1120280.JPG;2019.04.08;20:29:24;;;Myotis bechsteinii;Mbec;98.8;
P1120281.JPG;2019.04.08;20:31:01;unsure;;Myotis bechsteinii;Mbec;61.7;
P1120282.JPG;2019.04.08;21:02:12;;;Myotis bechsteinii;Mbec;99.8;
P1120283.JPG;2019.04.08;21:02:35;;;Myotis bechsteinii;Mbec;99.9;
P1120284.JPG;2019.04.08;21:03:28;;;Myotis bechsteinii;Mbec;100.0;
P1120285.JPG;2019.04.08;21:10:40;;;Myotis myotis_Myotis blythii;;100.0;
P1120286.JPG;2019.04.08;21:10:48;;;Myotis myotis_Myotis blythii;;100.0;
P1120287.JPG;2019.04.08;21:16:53;;;Myotis myotis_Myotis blythii;;99.9;
P1120288.JPG;2019.04.08;21:16:58;;;Myotis myotis_Myotis blythii;;100.0;
P1120289.JPG;2019.04.08;21:20:13;;;Myotis myotis_Myotis blythii;;99.9;
P1120290.JPG;2019.04.08;21:21:02;;;Myotis myotis_Myotis blythii;;100.0;
P1120291.JPG;2019.04.08;21:21:08;;;Myotis myotis_Myotis blythii;;100.0;
P1120292.JPG;2019.04.08;21:22:58;;;Myotis bechsteinii;Mbec;100.0;
P1120293.JPG;2019.04.08;21:25:56;;;Myotis myotis_Myotis blythii;;100.0;
P1120294.JPG;2019.04.08;21:26:09;;;Myotis myotis_Myotis blythii;;99.9;
P1120295.JPG;2019.04.08;21:47:11;;;Myotis nattereri;Mnat;99.9;
P1120296.JPG;2019.04.08;21:47:29;;;Myotis nattereri;Mnat;100.0;
P1120297.JPG;2019.04.08;21:57:58;;;Myotis bechsteinii;Mbec;100.0;
P1120298.JPG;2019.04.08;22:08:27;;;Myotis bechsteinii;Mbec;100.0;
P1120299.JPG;2019.04.08;22:10:14;;;Myotis bechsteinii;Mbec;99.8;
P1120300.JPG;2019.04.08;22:18:43;;;Myotis myotis_Myotis blythii;;100.0;
P1120301.JPG;2019.04.08;22:21:55;;;Myotis myotis_Myotis blythii;;100.0;
P1120302.JPG;2019.04.08;22:24:18;;;Myotis myotis_Myotis blythii;;100.0;
P1120303.JPG;2019.04.08;22:26:49;;;Myotis bechsteinii;Mbec;100.0;
P1120304.JPG;2019.04.08;22:30:17;;;Myotis bechsteinii;Mbec;99.9;
P1120305.JPG;2019.04.08;22:33:52;;;Myotis bechsteinii;Mbec;100.0;
P1120306.JPG;2019.04.08;22:37:03;;;Myotis myotis_Myotis blythii;;100.0;
P1120307.JPG;2019.04.08;22:37:14;;;Myotis myotis_Myotis blythii;;100.0;
P1120308.JPG;2019.04.08;22:40:09;;;Myotis bechsteinii;Mbec;99.8;
P1120309.JPG;2019.04.08;22:43:54;;;Myotis bechsteinii;Mbec;100.0;
P1120310.JPG;2019.04.08;23:21:22;;;Myotis myotis_Myotis blythii;;99.9;
P1120311.JPG;2019.04.08;23:21:27;;;Myotis myotis_Myotis blythii;;100.0;
P1120312.JPG;2019.04.08;23:25:21;;;Myotis myotis_Myotis blythii;;100.0;
P1120313.JPG;2019.04.08;23:29:48;;;Myotis myotis_Myotis blythii;;100.0;
P1120314.JPG;2019.04.08;23:29:56;;;Myotis myotis_Myotis blythii;;99.9;
P1120315.JPG;2019.04.08;23:34:57;;;Myotis bechsteinii;Mbec;100.0;
P1120316.JPG;2019.04.09;00:10:27;;;Myotis bechsteinii;Mbec;100.0;
P1120317.JPG;2019.04.09;00:23:31;;;Myotis daubentonii;Mdau;100.0;
P1120318.JPG;2019.04.09;00:23:37;;;Myotis daubentonii;Mdau;100.0;
P1120319.JPG;2019.04.09;00:23:50;;;Myotis daubentonii;Mdau;100.0;
P1120320.JPG;2019.04.09;00:43:12;;multiple;Myotis bechsteinii;Mbec;100.0;
P1120320.JPG;2019.04.09;00:43:12;;multiple;Myotis bechsteinii;Mbec;97.0;
P1120321.JPG;2019.04.09;00:43:13;;multiple;Myotis bechsteinii;Mbec;98.7;
P1120321.JPG;2019.04.09;00:43:13;;multiple;Myotis bechsteinii;Mbec;100.0;
P1120322.JPG;2019.04.09;00:43:22;;;Myotis bechsteinii;Mbec;99.9;
P1120323.JPG;2019.04.09;00:45:58;;;Myotis nattereri;Mnat;99.8;
P1120324.JPG;2019.04.09;00:56:13;;;Myotis myotis_Myotis blythii;;100.0;
P1120325.JPG;2019.04.09;01:25:54;;;Myotis myotis_Myotis blythii;;99.7;
P1120326.JPG;2019.04.09;01:26:04;;;Myotis myotis_Myotis blythii;;100.0;
P1120327.JPG;2019.04.09;01:27:01;;;Myotis bechsteinii;Mbec;100.0;
P1120328.JPG;2019.04.09;01:38:03;;;Myotis myotis_Myotis blythii;;99.9;
P1120329.JPG;2019.04.09;01:38:09;;;Myotis myotis_Myotis blythii;;99.9;
P1120330.JPG;2019.04.09;01:43:45;;;Myotis myotis_Myotis blythii;;100.0;
P1120331.JPG;2019.04.09;01:43:57;;;Myotis myotis_Myotis blythii;;100.0;
P1120332.JPG;2019.04.09;01:45:11;;;Myotis myotis_Myotis blythii;;100.0;
P1120333.JPG;2019.04.09;01:54:56;;;Myotis myotis_Myotis blythii;;100.0;
P1120334.JPG;2019.04.09;01:55:45;;;Myotis myotis_Myotis blythii;;100.0;
P1120335.JPG;2019.04.09;02:01:43;;;Myotis bechsteinii;Mbec;100.0;
P1120336.JPG;2019.04.09;02:04:06;;;Myotis myotis_Myotis blythii;;100.0;
P1120337.JPG;2019.04.09;02:19:50;;;Myotis bechsteinii;Mbec;97.0;
P1120338.JPG;2019.04.09;02:38:40;;;Myotis bechsteinii;Mbec;99.9;
P1120339.JPG;2019.04.09;02:38:53;;;Myotis bechsteinii;Mbec;100.0;
P1120340.JPG;2019.04.09;02:45:55;;;Myotis bechsteinii;Mbec;99.9;
P1120341.JPG;2019.04.09;02:47:56;;;Myotis myotis_Myotis blythii;;99.9;
P1120342.JPG;2019.04.09;02:56:10;;;Myotis bechsteinii;Mbec;100.0;
P1120343.JPG;2019.04.09;02:57:19;;;Myotis bechsteinii;Mbec;100.0;
P1120344.JPG;2019.04.09;03:07:16;;;Myotis myotis_Myotis blythii;;100.0;
P1120345.JPG;2019.04.09;03:07:23;;;Myotis myotis_Myotis blythii;;100.0;
P1120346.JPG;2019.04.09;03:12:24;;;Myotis myotis_Myotis blythii;;100.0;
P1120347.JPG;2019.04.09;03:18:45;;;Myotis myotis_Myotis blythii;;100.0;
P1120348.JPG;2019.04.09;03:20:58;;;Myotis bechsteinii;Mbec;100.0;
P1120349.JPG;2019.04.09;03:34:36;;;Myotis bechsteinii;Mbec;99.9;
P1120350.JPG;2019.04.09;03:36:08;;;Myotis bechsteinii;Mbec;100.0;
P1120351.JPG;2019.04.09;03:41:16;;;Myotis bechsteinii;Mbec;100.0;
P1120352.JPG;2019.04.09;03:48:18;;;Myotis daubentonii;Mdau;100.0;
P1120353.JPG;2019.04.09;03:48:23;;;Myotis daubentonii;Mdau;100.0;
P1120354.JPG;2019.04.09;03:48:38;;;Myotis daubentonii;Mdau;100.0;
P1120355.JPG;2019.04.09;04:05:21;;;Myotis myotis_Myotis blythii;;100.0;
P1120356.JPG;2019.04.09;04:05:40;;;Myotis myotis_Myotis blythii;;100.0;
P1120357.JPG;2019.04.09;04:12:22;;;Myotis myotis_Myotis blythii;;100.0;
P1120358.JPG;2019.04.09;04:13:13;;;Myotis myotis_Myotis blythii;;100.0;
P1120359.JPG;2019.04.09;04:28:14;;;Myotis bechsteinii;Mbec;100.0;
P1120360.JPG;2019.04.09;04:48:18;;multiple;Myotis bechsteinii;Mbec;99.9;
P1120360.JPG;2019.04.09;04:48:18;;multiple;Myotis bechsteinii;Mbec;78.3;
P1120361.JPG;2019.04.09;04:48:18;unsure;multiple;Myotis bechsteinii;Mbec;54.7;
P1120361.JPG;2019.04.09;04:48:18;;multiple;Myotis bechsteinii;Mbec;99.5;
P1120362.JPG;2019.04.09;04:48:42;;multiple;Myotis bechsteinii;Mbec;99.9;
P1120362.JPG;2019.04.09;04:48:42;unsure;multiple;Myotis bechsteinii;Mbec;47.0;
P1120363.JPG;2019.04.09;04:48:43;;multiple;Myotis bechsteinii;Mbec;99.8;
P1120363.JPG;2019.04.09;04:48:43;;multiple;Myotis bechsteinii;Mbec;81.7;
P1120364.JPG;2019.04.09;04:48:55;;;Myotis bechsteinii;Mbec;99.9;
P1120365.JPG;2019.04.09;04:50:01;;;Myotis nattereri;Mnat;100.0;
P1120366.JPG;2019.04.09;04:56:37;;;Myotis bechsteinii;Mbec;100.0;
P1120367.JPG;2019.04.09;04:59:36;;;Myotis myotis_Myotis blythii;;100.0;
P1120368.JPG;2019.04.09;04:59:49;;;Myotis myotis_Myotis blythii;;100.0;
P1120369.JPG;2019.04.09;05:00:16;;;Myotis bechsteinii;Mbec;99.8;
P1120370.JPG;2019.04.09;05:00:25;;;Myotis myotis_Myotis blythii;;100.0;
P1120371.JPG;2019.04.09;05:07:54;;;Myotis bechsteinii;Mbec;100.0;
P1120372.JPG;2019.04.09;05:19:52;;;Myotis bechsteinii;Mbec;100.0;
P1120373.JPG;2019.04.09;05:25:31;;;Myotis nattereri;Mnat;99.9;
P1120374.JPG;2019.04.09;05:32:00;;;Myotis myotis_Myotis blythii;;100.0;
P1120375.JPG;2019.04.09;05:38:08;;;Myotis myotis_Myotis blythii;;100.0;
P1120376.JPG;2019.04.09;05:38:18;;;Myotis myotis_Myotis blythii;;100.0;
P1120377.JPG;2019.04.09;05:44:28;;;Myotis bechsteinii;Mbec;99.9;
P1120378.JPG;2019.04.09;05:45:12;;;Myotis bechsteinii;Mbec;100.0;
P1120379.JPG;2019.04.09;06:20:59;;;Myotis bechsteinii;Mbec;100.0;
P1120380.JPG;2019.04.09;06:32:38;;;Myotis myotis_Myotis blythii;;100.0;
P1120381.JPG;2019.04.09;06:32:48;;;Myotis myotis_Myotis blythii;;100.0;
P1120382.JPG;2019.04.09;06:33:24;;;Myotis myotis_Myotis blythii;;100.0;
P1120383.JPG;2019.04.09;06:36:52;;;Myotis daubentonii;Mdau;100.0;
P1120384.JPG;2019.04.09;06:56:24;;;Myotis bechsteinii;Mbec;100.0;
P1120385.JPG;2019.04.09;07:26:54;;;Myotis myotis_Myotis blythii;;100.0;
P1120386.JPG;2019.04.09;07:49:17;;;Myotis myotis_Myotis blythii;;100.0;
P1120387.JPG;2019.04.09;07:49:25;;;Myotis bechsteinii;Mbec;99.8;
P1120388.JPG;2019.04.09;08:24:10;;;Myotis bechsteinii;Mbec;99.9;
P1120389.JPG;2019.04.09;08:41:36;;;Myotis bechsteinii;Mbec;99.9;
P1120390.JPG;2019.04.09;08:47:08;;;Myotis bechsteinii;Mbec;100.0;
P1120391.JPG;2019.04.09;08:49:15;;;Myotis bechsteinii;Mbec;100.0;
P1120392.JPG;2019.04.09;08:58:42;;;Myotis bechsteinii;Mbec;99.4;
P1120393.JPG;2019.04.09;09:17:06;;;Myotis daubentonii;Mdau;99.9;
P1120394.JPG;2019.04.09;09:17:16;;;Myotis daubentonii;Mdau;100.0;
P1120395.JPG;2019.04.09;09:27:41;;;Myotis bechsteinii;Mbec;99.7;
P1120396.JPG;2019.04.09;09:51:56;;;Myotis bechsteinii;Mbec;100.0;
P1120397.JPG;2019.04.09;09:54:37;;;Myotis bechsteinii;Mbec;100.0;
P1120398.JPG;2019.04.09;09:56:01;;;Myotis bechsteinii;Mbec;100.0;
P1120399.JPG;2019.04.09;10:02:02;;;Myotis bechsteinii;Mbec;99.9;
P1120400.JPG;2019.04.09;10:42:13;;;Myotis bechsteinii;Mbec;99.9;
P1120401.JPG;2019.04.09;11:15:57;;;Myotis daubentonii;Mdau;100.0;
P1120402.JPG;2019.04.09;11:16:16;;;Myotis daubentonii;Mdau;99.7;
P1120403.JPG;2019.04.09;11:31:09;;;Myotis bechsteinii;Mbec;100.0;
P1120404.JPG;2019.04.09;12:31:47;;;Myotis nattereri;Mnat;100.0;
P1120405.JPG;2019.04.09;13:37:49;;;Myotis bechsteinii;Mbec;100.0;
P1120406.JPG;2019.04.09;13:42:59;;;Myotis daubentonii;Mdau;100.0;
P1120407.JPG;2019.04.09;14:13:42;;;Myotis bechsteinii;Mbec;100.0;
P1120408.JPG;2019.04.09;15:17:03;;;Myotis bechsteinii;Mbec;99.9;
P1120409.JPG;2019.04.09;15:20:10;;;Myotis bechsteinii;Mbec;99.9;
P1120410.JPG;2019.04.09;15:24:18;;;Myotis daubentonii;Mdau;100.0;
P1120411.JPG;2019.04.09;15:24:25;;;Myotis daubentonii;Mdau;100.0;
P1120412.JPG;2019.04.09;16:43:19;;;Myotis nattereri;Mnat;100.0;
P1120413.JPG;2019.04.09;16:43:26;;;Myotis bechsteinii;Mbec;99.9;
P1120414.JPG;2019.04.09;16:59:47;;;Myotis bechsteinii;Mbec;100.0;
P1120415.JPG;2019.04.09;17:12:14;;;Myotis bechsteinii;Mbec;99.9;
P1120416.JPG;2019.04.09;17:47:36;;;Myotis daubentonii;Mdau;100.0;
P1120417.JPG;2019.04.09;17:47:41;;;Myotis daubentonii;Mdau;100.0;
P1120418.JPG;2019.04.09;17:47:49;;;Myotis daubentonii;Mdau;100.0;
P1120419.JPG;2019.04.09;17:56:52;;;Myotis bechsteinii;Mbec;100.0;
P1120420.JPG;2019.04.09;18:58:01;;;Myotis myotis_Myotis blythii;;100.0;
P1120421.JPG;2019.04.09;19:24:00;;;Myotis bechsteinii;Mbec;99.5;
P1120422.JPG;2019.04.09;19:32:10;;;Myotis bechsteinii;Mbec;99.9;
P1120423.JPG;2019.04.09;19:35:20;;;Myotis bechsteinii;Mbec;100.0;
P1120424.JPG;2019.04.09;19:39:30;;;Myotis myotis_Myotis blythii;;99.8;
P1120425.JPG;2019.04.09;19:39:39;;;Myotis myotis_Myotis blythii;;99.9;
P1120426.JPG;2019.04.09;19:48:27;;;Myotis daubentonii;Mdau;100.0;
P1120427.JPG;2019.04.09;19:54:05;;;Myotis nattereri;Mnat;100.0;
P1120428.JPG;2019.04.09;19:54:18;;;Myotis nattereri;Mnat;100.0;
P1120429.JPG;2019.04.09;19:56:21;;;Myotis bechsteinii;Mbec;100.0;
P1120430.JPG;2019.04.09;20:08:45;;;Myotis myotis_Myotis blythii;;100.0;
P1120431.JPG;2019.04.09;20:13:00;;;Myotis myotis_Myotis blythii;;100.0;
P1120432.JPG;2019.04.09;20:28:37;;;Myotis myotis_Myotis blythii;;100.0;
P1120433.JPG;2019.04.09;20:28:47;;;Myotis myotis_Myotis blythii;;100.0;
P1120434.JPG;2019.04.09;20:40:09;;;Myotis nattereri;Mnat;98.8;
P1120435.JPG;2019.04.09;20:52:41;;;Myotis myotis_Myotis blythii;;100.0;
P1120436.JPG;2019.04.09;21:04:00;;;Myotis myotis_Myotis blythii;;100.0;
P1120437.JPG;2019.04.09;21:04:05;;;Myotis myotis_Myotis blythii;;100.0;
P1120438.JPG;2019.04.09;21:27:56;;;Myotis myotis_Myotis blythii;;100.0;
P1120439.JPG;2019.04.09;21:53:15;;;Myotis myotis_Myotis blythii;;100.0;
P1120440.JPG;2019.04.09;21:53:52;;;Myotis myotis_Myotis blythii;;100.0;
P1120441.JPG;2019.04.09;22:27:11;;;Myotis myotis_Myotis blythii;;100.0;
P1120442.JPG;2019.04.09;22:38:12;;;Myotis myotis_Myotis blythii;;100.0;
P1120443.JPG;2019.04.09;22:56:31;;;Myotis myotis_Myotis blythii;;100.0;
P1120444.JPG;2019.04.09;22:56:39;;;Myotis myotis_Myotis blythii;;100.0;
P1120445.JPG;2019.04.09;22:56:47;;;Myotis myotis_Myotis blythii;;100.0;
P1120446.JPG;2019.04.09;23:18:00;;;Myotis bechsteinii;Mbec;100.0;
P1120447.JPG;2019.04.09;23:27:01;;;Myotis nattereri;Mnat;99.2;
P1120448.JPG;2019.04.09;23:27:28;;;Myotis myotis_Myotis blythii;;100.0;
P1120449.JPG;2019.04.09;23:27:50;;;Myotis myotis_Myotis blythii;;100.0;
P1120450.JPG;2019.04.09;23:42:40;;;Myotis myotis_Myotis blythii;;100.0;
P1120451.JPG;2019.04.09;23:42:52;;;Myotis myotis_Myotis blythii;;100.0;
P1120452.JPG;2019.04.09;23:47:54;;;Myotis bechsteinii;Mbec;100.0;
P1120453.JPG;2019.04.09;23:55:58;;;Myotis myotis_Myotis blythii;;100.0;
P1120454.JPG;2019.04.09;23:56:03;;;Myotis myotis_Myotis blythii;;100.0;
P1120455.JPG;2019.04.10;00:28:27;;;Myotis nattereri;Mnat;99.9;
P1120456.JPG;2019.04.10;00:36:02;;;Myotis myotis_Myotis blythii;;100.0;
P1120457.JPG;2019.04.10;00:41:38;;;Myotis myotis_Myotis blythii;;100.0;
P1120458.JPG;2019.04.10;00:49:13;;;Myotis bechsteinii;Mbec;100.0;
P1120459.JPG;2019.04.10;01:00:23;;;Myotis myotis_Myotis blythii;;100.0;
P1120460.JPG;2019.04.10;01:19:26;;;Myotis myotis_Myotis blythii;;100.0;
P1120461.JPG;2019.04.10;01:19:31;;;Myotis myotis_Myotis blythii;;100.0;
P1120462.JPG;2019.04.10;01:45:38;;;Myotis myotis_Myotis blythii;;100.0;
P1120463.JPG;2019.04.10;01:52:33;;;Myotis nattereri;Mnat;99.9;
P1120464.JPG;2019.04.10;02:00:28;;;Myotis myotis_Myotis blythii;;100.0;
P1120465.JPG;2019.04.10;02:00:40;;;Myotis myotis_Myotis blythii;;100.0;
P1120466.JPG;2019.04.10;02:06:49;;;Myotis bechsteinii;Mbec;99.9;
P1120467.JPG;2019.04.10;02:12:22;;;Myotis bechsteinii;Mbec;100.0;
P1120468.JPG;2019.04.10;02:30:34;;;Myotis myotis_Myotis blythii;;99.9;
P1120469.JPG;2019.04.10;02:41:00;;;Myotis myotis_Myotis blythii;;100.0;
P1120470.JPG;2019.04.10;02:45:33;;;Myotis myotis_Myotis blythii;;100.0;
P1120471.JPG;2019.04.10;02:47:47;;;Myotis myotis_Myotis blythii;;100.0;
P1120472.JPG;2019.04.10;03:21:13;;;Myotis myotis_Myotis blythii;;100.0;
P1120473.JPG;2019.04.10;03:22:10;;;Myotis myotis_Myotis blythii;;100.0;
P1120474.JPG;2019.04.10;03:33:12;;;Myotis bechsteinii;Mbec;99.8;
P1120475.JPG;2019.04.10;03:46:30;;;Myotis myotis_Myotis blythii;;100.0;
P1120476.JPG;2019.04.10;04:00:54;;;Myotis nattereri;Mnat;99.9;
P1120477.JPG;2019.04.10;04:06:47;;multiple;Myotis bechsteinii;Mbec;100.0;
P1120477.JPG;2019.04.10;04:06:47;;multiple;Myotis bechsteinii;Mbec;99.9;
P1120478.JPG;2019.04.10;04:09:05;;;Myotis myotis_Myotis blythii;;100.0;
P1120479.JPG;2019.04.10;04:09:10;;;Myotis myotis_Myotis blythii;;99.8;
P1120480.JPG;2019.04.10;04:16:03;;;Myotis bechsteinii;Mbec;99.9;
P1120481.JPG;2019.04.10;04:31:18;;;Myotis bechsteinii;Mbec;100.0;
P1120482.JPG;2019.04.10;04:45:00;;;Myotis myotis_Myotis blythii;;100.0;
P1120483.JPG;2019.04.10;04:45:05;;;Myotis myotis_Myotis blythii;;100.0;
P1120484.JPG;2019.04.10;04:53:05;;;Myotis nattereri;Mnat;100.0;
P1120485.JPG;2019.04.10;05:51:26;;;Myotis myotis_Myotis blythii;;100.0;
P1120486.JPG;2019.04.10;06:15:27;;;Myotis myotis_Myotis blythii;;99.9;
P1120487.JPG;2019.04.10;06:22:00;;;Myotis bechsteinii;Mbec;100.0;
P1120488.JPG;2019.04.10;06:32:48;;;Myotis myotis_Myotis blythii;;100.0;
P1120489.JPG;2019.04.10;06:33:32;;;Myotis myotis_Myotis blythii;;99.9;
P1120490.JPG;2019.04.10;06:44:42;;;Myotis myotis_Myotis blythii;;100.0;
P1120491.JPG;2019.04.10;07:10:45;;;Myotis myotis_Myotis blythii;;100.0;
P1120492.JPG;2019.04.10;07:23:10;;;Myotis myotis_Myotis blythii;;100.0;
P1120493.JPG;2019.04.10;07:24:12;;;Myotis nattereri;Mnat;100.0;
P1120494.JPG;2019.04.10;07:32:17;;;Myotis myotis_Myotis blythii;;100.0;
P1120495.JPG;2019.04.10;07:40:37;;;Myotis myotis_Myotis blythii;;100.0;
P1120496.JPG;2019.04.10;08:08:55;;;Myotis myotis_Myotis blythii;;100.0;
P1120497.JPG;2019.04.10;08:18:58;;;Myotis myotis_Myotis blythii;;100.0;
P1120498.JPG;2019.04.10;08:19:40;;;Myotis bechsteinii;Mbec;99.9;
P1120499.JPG;2019.04.10;08:43:37;;;Myotis myotis_Myotis blythii;;100.0;
P1120500.JPG;2019.04.10;09:14:19;;;Myotis bechsteinii;Mbec;100.0;
P1120501.JPG;2019.04.10;09:18:50;;;Myotis myotis_Myotis blythii;;100.0;
P1120502.JPG;2019.04.10;11:02:07;;;Myotis nattereri;Mnat;97.8;
P1120503.JPG;2019.04.10;12:15:33;;;Myotis bechsteinii;Mbec;99.9;
P1120504.JPG;2019.04.10;14:57:19;;;Myotis nattereri;Mnat;99.9;
P1120505.JPG;2019.04.10;15:01:41;;;Myotis bechsteinii;Mbec;98.8;
P1120506.JPG;2019.04.10;16:32:45;;;Myotis bechsteinii;Mbec;99.9;
P1120507.JPG;2019.04.10;16:53:00;;;Myotis bechsteinii;Mbec;100.0;
P1120508.JPG;2019.04.10;17:19:08;;;Myotis bechsteinii;Mbec;99.9;
P1120509.JPG;2019.04.10;18:08:10;;;Myotis bechsteinii;Mbec;100.0;
P1120510.JPG;2019.04.10;18:34:58;;;Myotis myotis_Myotis blythii;;99.9;
P1120511.JPG;2019.04.10;18:35:16;;;Myotis myotis_Myotis blythii;;99.7;
P1120512.JPG;2019.04.10;18:52:57;;;Myotis nattereri;Mnat;99.9;
P1120513.JPG;2019.04.10;18:53:18;;;Myotis bechsteinii;Mbec;99.8;
P1120514.JPG;2019.04.10;19:06:16;;;Myotis bechsteinii;Mbec;100.0;
P1120515.JPG;2019.04.10;19:10:47;;;Myotis bechsteinii;Mbec;99.1;
P1120516.JPG;2019.04.10;19:24:47;;;Myotis bechsteinii;Mbec;99.9;
P1120517.JPG;2019.04.10;19:36:17;;;Myotis bechsteinii;Mbec;100.0;
P1120518.JPG;2019.04.10;19:36:54;;;Myotis bechsteinii;Mbec;99.9;
P1120519.JPG;2019.04.10;19:52:30;;;Myotis myotis_Myotis blythii;;100.0;
P1120520.JPG;2019.04.10;19:53:49;;;Myotis myotis_Myotis blythii;;100.0;
P1120521.JPG;2019.04.10;19:54:15;;;Myotis myotis_Myotis blythii;;100.0;
P1120522.JPG;2019.04.10;19:54:46;;;Myotis myotis_Myotis blythii;;100.0;
P1120523.JPG;2019.04.10;20:10:06;;;Myotis nattereri;Mnat;100.0;
P1120524.JPG;2019.04.10;20:11:34;;;Myotis bechsteinii;Mbec;99.9;
P1120525.JPG;2019.04.10;20:20:37;;;Myotis bechsteinii;Mbec;99.9;
P1120526.JPG;2019.04.10;20:35:15;;;Myotis myotis_Myotis blythii;;100.0;
P1120527.JPG;2019.04.10;20:43:27;;;Myotis myotis_Myotis blythii;;100.0;
P1120528.JPG;2019.04.10;20:43:48;;;Myotis myotis_Myotis blythii;;100.0;
P1120529.JPG;2019.04.10;20:58:32;;;Myotis myotis_Myotis blythii;;100.0;
P1120530.JPG;2019.04.10;21:05:54;;;Myotis bechsteinii;Mbec;100.0;
P1120531.JPG;2019.04.10;21:08:31;;;Myotis myotis_Myotis blythii;;100.0;
P1120532.JPG;2019.04.10;21:08:55;;;Myotis bechsteinii;Mbec;99.7;
P1120533.JPG;2019.04.10;21:29:54;;;Myotis bechsteinii;Mbec;100.0;
P1120534.JPG;2019.04.10;21:38:35;;;Myotis bechsteinii;Mbec;100.0;
P1120535.JPG;2019.04.10;21:48:41;;;Myotis myotis_Myotis blythii;;100.0;
P1120536.JPG;2019.04.10;21:53:31;;;Myotis myotis_Myotis blythii;;95.4;
P1120537.JPG;2019.04.10;21:54:29;;;Myotis bechsteinii;Mbec;100.0;
P1120538.JPG;2019.04.10;21:58:08;;;Myotis myotis_Myotis blythii;;100.0;
P1120539.JPG;2019.04.10;22:01:07;;;Myotis myotis_Myotis blythii;;100.0;
P1120540.JPG;2019.04.10;22:04:57;;;Myotis bechsteinii;Mbec;99.9;
P1120541.JPG;2019.04.10;22:09:03;;;Myotis nattereri;Mnat;100.0;
P1120542.JPG;2019.04.10;22:10:12;;;Myotis myotis_Myotis blythii;;100.0;
P1120543.JPG;2019.04.10;22:10:33;;;Myotis myotis_Myotis blythii;;100.0;
P1120544.JPG;2019.04.10;22:14:27;;;Myotis bechsteinii;Mbec;100.0;
P1120545.JPG;2019.04.10;22:17:19;;;Myotis myotis_Myotis blythii;;100.0;
P1120546.JPG;2019.04.10;22:33:49;;;Myotis myotis_Myotis blythii;;100.0;
P1120547.JPG;2019.04.10;22:38:52;;;Myotis bechsteinii;Mbec;99.9;
P1120548.JPG;2019.04.10;22:43:37;;;Myotis myotis_Myotis blythii;;100.0;
P1120549.JPG;2019.04.10;22:47:35;;;Myotis bechsteinii;Mbec;100.0;
P1120550.JPG;2019.04.10;22:52:00;;;Myotis myotis_Myotis blythii;;100.0;
P1120551.JPG;2019.04.10;22:52:45;;;Myotis myotis_Myotis blythii;;100.0;
P1120552.JPG;2019.04.10;23:01:37;;;Myotis nattereri;Mnat;99.7;
P1120553.JPG;2019.04.10;23:14:30;;;Myotis bechsteinii;Mbec;99.9;
P1120554.JPG;2019.04.10;23:23:19;;;Myotis bechsteinii;Mbec;99.9;
P1120555.JPG;2019.04.10;23:29:48;;;Myotis nattereri;Mnat;99.0;
P1120556.JPG;2019.04.10;23:44:11;;;Myotis bechsteinii;Mbec;100.0;
P1120557.JPG;2019.04.10;23:53:10;;;Myotis myotis_Myotis blythii;;100.0;
P1120558.JPG;2019.04.10;23:58:44;;;Myotis bechsteinii;Mbec;100.0;
P1120559.JPG;2019.04.11;00:02:48;;;Myotis myotis_Myotis blythii;;100.0;
P1120560.JPG;2019.04.11;00:03:59;;;Myotis bechsteinii;Mbec;99.9;
P1120561.JPG;2019.04.11;00:17:55;;;Myotis myotis_Myotis blythii;;100.0;
P1120562.JPG;2019.04.11;00:42:04;;;Myotis bechsteinii;Mbec;100.0;
P1120563.JPG;2019.04.11;00:50:13;;;Myotis myotis_Myotis blythii;;100.0;
P1120564.JPG;2019.04.11;00:52:22;;;Myotis bechsteinii;Mbec;100.0;
P1120565.JPG;2019.04.11;00:53:08;;;Myotis bechsteinii;Mbec;100.0;
P1120566.JPG;2019.04.11;01:00:06;;;Myotis myotis_Myotis blythii;;98.5;
P1120567.JPG;2019.04.11;01:00:14;;;Myotis myotis_Myotis blythii;;100.0;
P1120568.JPG;2019.04.11;01:05:08;;;Myotis bechsteinii;Mbec;100.0;
P1120569.JPG;2019.04.11;01:30:00;;;Myotis bechsteinii;Mbec;100.0;
P1120570.JPG;2019.04.11;01:41:26;;;Myotis myotis_Myotis blythii;;100.0;
P1120571.JPG;2019.04.11;01:50:57;;;Myotis myotis_Myotis blythii;;100.0;
P1120572.JPG;2019.04.11;01:54:20;;;Myotis myotis_Myotis blythii;;100.0;
P1120573.JPG;2019.04.11;01:58:01;;;Myotis myotis_Myotis blythii;;99.9;
P1120574.JPG;2019.04.11;01:58:08;;;Myotis myotis_Myotis blythii;;100.0;
P1120575.JPG;2019.04.11;02:00:13;;;Myotis bechsteinii;Mbec;99.6;
P1120576.JPG;2019.04.11;02:03:57;;;Myotis nattereri;Mnat;96.2;
P1120577.JPG;2019.04.11;02:06:30;;;Myotis bechsteinii;Mbec;100.0;
P1120578.JPG;2019.04.11;02:25:38;;;Myotis myotis_Myotis blythii;;100.0;
P1120579.JPG;2019.04.11;02:27:50;;;Myotis bechsteinii;Mbec;100.0;
P1120580.JPG;2019.04.11;02:49:25;;;Myotis myotis_Myotis blythii;;100.0;
P1120581.JPG;2019.04.11;02:51:15;;;Myotis daubentonii;Mdau;100.0;
P1120582.JPG;2019.04.11;03:04:41;;;Myotis myotis_Myotis blythii;;100.0;
P1120583.JPG;2019.04.11;03:08:39;;;Myotis myotis_Myotis blythii;;99.9;
P1120584.JPG;2019.04.11;03:08:50;;;Myotis myotis_Myotis blythii;;100.0;
P1120585.JPG;2019.04.11;03:10:41;;;Myotis myotis_Myotis blythii;;99.8;
P1120586.JPG;2019.04.11;03:21:17;;;Myotis bechsteinii;Mbec;100.0;
P1120587.JPG;2019.04.11;03:24:15;;;Myotis bechsteinii;Mbec;100.0;
P1120588.JPG;2019.04.11;03:24:27;;;Myotis myotis_Myotis blythii;;100.0;
P1120589.JPG;2019.04.11;03:29:14;;;Myotis nattereri;Mnat;99.9;
P1120590.JPG;2019.04.11;03:33:02;;;Myotis bechsteinii;Mbec;99.9;
P1120591.JPG;2019.04.11;03:43:20;;;Myotis myotis_Myotis blythii;;100.0;
P1120592.JPG;2019.04.11;03:49:57;;;Myotis bechsteinii;Mbec;99.9;
P1120593.JPG;2019.04.11;04:22:28;;;Myotis bechsteinii;Mbec;100.0;
P1120594.JPG;2019.04.11;04:22:40;;;Myotis myotis_Myotis blythii;;100.0;
P1120595.JPG;2019.04.11;04:42:17;;;Myotis myotis_Myotis blythii;;100.0;
P1120596.JPG;2019.04.11;04:46:05;;;Myotis myotis_Myotis blythii;;100.0;
P1120597.JPG;2019.04.11;04:48:18;;;Myotis myotis_Myotis blythii;;100.0;
P1120598.JPG;2019.04.11;04:52:37;;;Myotis bechsteinii;Mbec;100.0;
P1120599.JPG;2019.04.11;04:55:04;;;Myotis myotis_Myotis blythii;;99.9;
P1120600.JPG;2019.04.11;04:57:23;;;Myotis myotis_Myotis blythii;;100.0;
P1120601.JPG;2019.04.11;04:59:33;;;Myotis myotis_Myotis blythii;;100.0;
P1120602.JPG;2019.04.11;04:59:43;;;Myotis myotis_Myotis blythii;;100.0;
P1120603.JPG;2019.04.11;04:59:50;;;Myotis myotis_Myotis blythii;;100.0;
P1120604.JPG;2019.04.11;05:06:46;;;Myotis nattereri;Mnat;99.8;
P1120605.JPG;2019.04.11;05:18:19;;;Myotis bechsteinii;Mbec;100.0;
P1120606.JPG;2019.04.11;05:33:58;;;Myotis myotis_Myotis blythii;;100.0;
P1120607.JPG;2019.04.11;06:15:47;;;Myotis bechsteinii;Mbec;100.0;
P1120608.JPG;2019.04.11;06:50:41;;;Myotis bechsteinii;Mbec;100.0;
P1120609.JPG;2019.04.11;07:22:56;;;Myotis bechsteinii;Mbec;99.8;
P1120610.JPG;2019.04.11;07:43:23;;;Myotis nattereri;Mnat;99.9;
P1120611.JPG;2019.04.11;08:32:11;;;Myotis bechsteinii;Mbec;100.0;
P1120612.JPG;2019.04.11;08:33:01;;;Myotis bechsteinii;Mbec;100.0;
P1120613.JPG;2019.04.11;08:33:07;;;Myotis bechsteinii;Mbec;100.0;
P1120614.JPG;2019.04.11;08:46:15;;;Myotis myotis_Myotis blythii;;99.6;
P1120615.JPG;2019.04.11;08:56:14;;;Myotis bechsteinii;Mbec;100.0;
P1120616.JPG;2019.04.11;10:16:14;;;Myotis bechsteinii;Mbec;99.2;
P1120617.JPG;2019.04.11;10:42:17;;;Myotis bechsteinii;Mbec;100.0;
P1120618.JPG;2019.04.11;11:08:13;;;Myotis bechsteinii;Mbec;100.0;
P1120619.JPG;2019.04.11;11:50:54;;;Myotis bechsteinii;Mbec;99.9;
P1120620.JPG;2019.04.11;11:55:07;;;Myotis myotis_Myotis blythii;;99.9;
P1120621.JPG;2019.04.11;12:22:14;;;Myotis bechsteinii;Mbec;100.0;
P1120622.JPG;2019.04.11;12:29:00;;;Myotis nattereri;Mnat;100.0;
P1120623.JPG;2019.04.11;12:32:31;;;Myotis bechsteinii;Mbec;99.9;
P1120624.JPG;2019.04.11;13:42:37;;;Myotis bechsteinii;Mbec;99.8;
P1120625.JPG;2019.04.11;14:47:07;;;Myotis bechsteinii;Mbec;100.0;
P1120626.JPG;2019.04.11;14:49:17;;;Myotis bechsteinii;Mbec;100.0;
P1120627.JPG;2019.04.11;14:50:38;;;Myotis bechsteinii;Mbec;99.8;
P1120628.JPG;2019.04.11;15:29:53;;;Myotis bechsteinii;Mbec;99.9;
P1120629.JPG;2019.04.11;15:34:17;;;Myotis nattereri;Mnat;99.6;
P1120630.JPG;2019.04.11;16:37:19;;;Myotis bechsteinii;Mbec;100.0;
P1120631.JPG;2019.04.11;17:03:34;;;Myotis bechsteinii;Mbec;99.8;
P1120632.JPG;2019.04.11;17:14:58;;;Myotis daubentonii;Mdau;100.0;
P1120633.JPG;2019.04.11;17:15:05;;;Myotis daubentonii;Mdau;100.0;
P1120634.JPG;2019.04.11;17:27:55;;;Myotis bechsteinii;Mbec;99.6;
P1120635.JPG;2019.04.11;18:16:14;;;Myotis nattereri;Mnat;100.0;
P1120636.JPG;2019.04.11;18:24:27;;;Myotis myotis_Myotis blythii;;100.0;
P1120637.JPG;2019.04.11;18:35:15;;;Myotis bechsteinii;Mbec;100.0;
P1120638.JPG;2019.04.11;19:01:19;;;Myotis myotis_Myotis blythii;;100.0;
P1120639.JPG;2019.04.11;19:09:11;;;Myotis myotis_Myotis blythii;;100.0;
P1120640.JPG;2019.04.11;19:17:57;;;Myotis bechsteinii;Mbec;99.6;
P1120641.JPG;2019.04.11;19:18:10;;;Myotis bechsteinii;Mbec;100.0;
P1120642.JPG;2019.04.11;20:13:11;;;Myotis myotis_Myotis blythii;;100.0;
P1120643.JPG;2019.04.11;20:13:27;;;Myotis myotis_Myotis blythii;;100.0;
P1120644.JPG;2019.04.11;20:16:54;;;Myotis myotis_Myotis blythii;;100.0;
P1120645.JPG;2019.04.11;20:17:17;;multiple;Myotis myotis_Myotis blythii;;100.0;
P1120645.JPG;2019.04.11;20:17:17;;multiple;;;82.9;
P1120646.JPG;2019.04.11;20:22:20;;;Myotis myotis_Myotis blythii;;99.9;
P1120647.JPG;2019.04.11;20:22:28;;;Myotis myotis_Myotis blythii;;100.0;
P1120648.JPG;2019.04.11;20:22:35;;;Myotis myotis_Myotis blythii;;100.0;
P1120649.JPG;2019.04.11;20:27:07;;;Myotis myotis_Myotis blythii;;100.0;
P1120650.JPG;2019.04.11;20:27:15;;;Myotis myotis_Myotis blythii;;100.0;
P1120651.JPG;2019.04.11;20:51:06;;;Myotis nattereri;Mnat;86.0;
P1120652.JPG;2019.04.11;20:58:35;;;Myotis bechsteinii;Mbec;100.0;
P1120653.JPG;2019.04.11;21:05:41;;;Myotis myotis_Myotis blythii;;100.0;
P1120654.JPG;2019.04.11;21:05:53;;;Myotis myotis_Myotis blythii;;100.0;
P1120655.JPG;2019.04.11;21:18:47;;;Myotis bechsteinii;Mbec;100.0;
P1120656.JPG;2019.04.11;21:19:00;;;Myotis bechsteinii;Mbec;99.9;
P1120657.JPG;2019.04.11;21:31:39;;;Myotis bechsteinii;Mbec;99.9;
P1120658.JPG;2019.04.11;21:41:16;;;Myotis bechsteinii;Mbec;100.0;
P1120659.JPG;2019.04.11;21:41:42;;;Myotis bechsteinii;Mbec;95.6;
P1120660.JPG;2019.04.11;22:01:58;;;Myotis bechsteinii;Mbec;98.8;
P1120661.JPG;2019.04.11;22:02:59;;;Myotis bechsteinii;Mbec;99.9;
P1120662.JPG;2019.04.11;22:03:12;;;Myotis bechsteinii;Mbec;100.0;
P1120663.JPG;2019.04.11;22:04:53;;;Myotis bechsteinii;Mbec;99.5;
P1120664.JPG;2019.04.11;22:05:02;;;Myotis bechsteinii;Mbec;99.9;
P1120665.JPG;2019.04.11;22:06:35;;;Myotis bechsteinii;Mbec;100.0;
P1120666.JPG;2019.04.11;22:07:40;;;Myotis bechsteinii;Mbec;99.9;
P1120667.JPG;2019.04.11;22:27:57;;;Myotis myotis_Myotis blythii;;100.0;
P1120668.JPG;2019.04.11;22:44:45;;;Myotis bechsteinii;Mbec;100.0;
P1120669.JPG;2019.04.11;22:45:59;;;Myotis bechsteinii;Mbec;98.5;
P1120670.JPG;2019.04.11;22:58:04;;;Myotis myotis_Myotis blythii;;100.0;
P1120671.JPG;2019.04.11;23:07:15;;;Myotis bechsteinii;Mbec;99.9;
P1120672.JPG;2019.04.11;23:26:08;;;Myotis bechsteinii;Mbec;99.9;
P1120673.JPG;2019.04.11;23:26:23;;;Myotis bechsteinii;Mbec;100.0;
P1120674.JPG;2019.04.11;23:34:35;;;Myotis bechsteinii;Mbec;99.9;
P1120675.JPG;2019.04.11;23:38:14;;;Myotis bechsteinii;Mbec;100.0;
P1120676.JPG;2019.04.11;23:57:54;;;Myotis myotis_Myotis blythii;;100.0;
P1120677.JPG;2019.04.12;00:08:11;;;Myotis bechsteinii;Mbec;100.0;
P1120678.JPG;2019.04.12;00:10:32;;;Myotis myotis_Myotis blythii;;99.5;
P1120679.JPG;2019.04.12;00:12:06;;;Myotis myotis_Myotis blythii;;100.0;
P1120680.JPG;2019.04.12;00:12:13;;;Myotis myotis_Myotis blythii;;99.9;
P1120681.JPG;2019.04.12;00:26:26;;;Myotis bechsteinii;Mbec;99.9;
P1120682.JPG;2019.04.12;00:26:50;;;Myotis bechsteinii;Mbec;98.4;
P1120683.JPG;2019.04.12;00:45:00;;;Myotis bechsteinii;Mbec;100.0;
P1120684.JPG;2019.04.12;00:50:23;;;Myotis myotis_Myotis blythii;;100.0;
P1120685.JPG;2019.04.12;01:06:11;;;Myotis myotis_Myotis blythii;;99.9;
P1120686.JPG;2019.04.12;01:06:21;;;Myotis myotis_Myotis blythii;;100.0;
P1120687.JPG;2019.04.12;01:33:43;;;Myotis myotis_Myotis blythii;;100.0;
P1120688.JPG;2019.04.12;01:41:46;;;Myotis myotis_Myotis blythii;;100.0;
P1120689.JPG;2019.04.12;01:41:54;;;Myotis myotis_Myotis blythii;;100.0;
P1120690.JPG;2019.04.12;02:32:30;;;Myotis bechsteinii;Mbec;99.5;
P1120691.JPG;2019.04.12;02:39:49;;;Myotis myotis_Myotis blythii;;99.9;
P1120692.JPG;2019.04.12;02:45:02;;;Myotis myotis_Myotis blythii;;100.0;
P1120693.JPG;2019.04.12;02:45:10;;;Myotis myotis_Myotis blythii;;100.0;
P1120694.JPG;2019.04.12;02:45:17;;;Myotis myotis_Myotis blythii;;100.0;
P1120695.JPG;2019.04.12;02:45:41;;;Myotis myotis_Myotis blythii;;100.0;
P1120696.JPG;2019.04.12;03:10:06;;;Myotis bechsteinii;Mbec;99.4;
P1120697.JPG;2019.04.12;03:16:02;;;Myotis myotis_Myotis blythii;;100.0;
P1120698.JPG;2019.04.12;03:16:11;;;Myotis myotis_Myotis blythii;;100.0;
P1120699.JPG;2019.04.12;03:16:16;;;Myotis myotis_Myotis blythii;;100.0;
P1120700.JPG;2019.04.12;03:17:39;;;Myotis bechsteinii;Mbec;100.0;
P1120701.JPG;2019.04.12;03:34:16;;;Myotis myotis_Myotis blythii;;100.0;
P1120702.JPG;2019.04.12;03:34:26;;;Myotis myotis_Myotis blythii;;100.0;
P1120703.JPG;2019.04.12;03:42:52;;;Myotis bechsteinii;Mbec;99.8;
P1120704.JPG;2019.04.12;04:25:59;;;Myotis myotis_Myotis blythii;;100.0;
P1120705.JPG;2019.04.12;04:26:06;;;Myotis myotis_Myotis blythii;;100.0;
P1120706.JPG;2019.04.12;04:26:20;;;Myotis myotis_Myotis blythii;;99.9;
P1120707.JPG;2019.04.12;04:33:07;;;Myotis bechsteinii;Mbec;99.8;
P1120708.JPG;2019.04.12;04:36:14;;;Myotis bechsteinii;Mbec;99.8;
P1120709.JPG;2019.04.12;05:12:37;;;Myotis myotis_Myotis blythii;;100.0;
P1120710.JPG;2019.04.12;05:13:00;;;Myotis myotis_Myotis blythii;;100.0;
P1120711.JPG;2019.04.12;05:19:59;;;Myotis bechsteinii;Mbec;99.9;
P1120712.JPG;2019.04.12;05:26:27;;;Myotis myotis_Myotis blythii;;100.0;
P1120713.JPG;2019.04.12;05:26:34;;;Myotis myotis_Myotis blythii;;100.0;
P1120714.JPG;2019.04.12;05:28:05;;;Myotis myotis_Myotis blythii;;100.0;
P1120715.JPG;2019.04.12;06:28:02;;;Myotis bechsteinii;Mbec;100.0;
P1120716.JPG;2019.04.12;06:43:42;;;Myotis bechsteinii;Mbec;100.0;
P1120717.JPG;2019.04.12;06:43:53;;;Myotis bechsteinii;Mbec;99.9;
P1120718.JPG;2019.04.12;07:31:39;;;Myotis bechsteinii;Mbec;100.0;
P1120719.JPG;2019.04.12;08:23:20;;;Myotis bechsteinii;Mbec;99.3;
P1120720.JPG;2019.04.12;09:43:45;;;Myotis bechsteinii;Mbec;99.9;
P1120721.JPG;2019.04.12;11:58:47;;;Myotis bechsteinii;Mbec;100.0;
P1120722.JPG;2019.04.12;12:09:46;;;Myotis bechsteinii;Mbec;99.9;
P1120723.JPG;2019.04.12;12:49:26;;;Myotis myotis_Myotis blythii;;100.0;
P1120724.JPG;2019.04.12;12:49:42;;;Myotis myotis_Myotis blythii;;92.3;
P1120725.JPG;2019.04.12;16:12:49;;;Myotis bechsteinii;Mbec;99.9;
P1120726.JPG;2019.04.12;16:47:40;;;Myotis bechsteinii;Mbec;99.9;
P1120727.JPG;2019.04.12;18:23:34;;;Myotis bechsteinii;Mbec;99.7;
P1120728.JPG;2019.04.12;19:18:24;;;Myotis myotis_Myotis blythii;;100.0;
P1120729.JPG;2019.04.12;19:44:25;;;Myotis myotis_Myotis blythii;;99.6;
P1120730.JPG;2019.04.12;19:44:34;;;Myotis myotis_Myotis blythii;;100.0;
P1120731.JPG;2019.04.12;19:46:26;;;Myotis myotis_Myotis blythii;;99.9;
P1120732.JPG;2019.04.12;20:14:53;;;Myotis myotis_Myotis blythii;;100.0;
P1120733.JPG;2019.04.12;20:15:02;;;Myotis myotis_Myotis blythii;;100.0;
P1120734.JPG;2019.04.12;20:16:30;;;Myotis myotis_Myotis blythii;;99.8;
P1120735.JPG;2019.04.12;20:35:14;;;Myotis myotis_Myotis blythii;;100.0;
P1120736.JPG;2019.04.12;20:54:32;;;Myotis bechsteinii;Mbec;99.9;
P1120737.JPG;2019.04.12;20:54:58;;;Myotis bechsteinii;Mbec;100.0;
P1120738.JPG;2019.04.12;21:28:28;;;Myotis myotis_Myotis blythii;;99.9;
P1120739.JPG;2019.04.12;21:28:35;;;Myotis myotis_Myotis blythii;;100.0;
P1120740.JPG;2019.04.12;21:28:45;;;Myotis myotis_Myotis blythii;;99.9;
P1120741.JPG;2019.04.12;21:41:08;;;Myotis myotis_Myotis blythii;;100.0;
P1120742.JPG;2019.04.12;22:11:13;;;Myotis bechsteinii;Mbec;100.0;
P1120743.JPG;2019.04.12;22:11:55;;;Myotis bechsteinii;Mbec;99.9;
P1120744.JPG;2019.04.12;23:03:34;;;Myotis myotis_Myotis blythii;;100.0;
P1120745.JPG;2019.04.12;23:03:41;;;Myotis myotis_Myotis blythii;;100.0;
P1120746.JPG;2019.04.12;23:14:44;;;Myotis myotis_Myotis blythii;;100.0;
P1120747.JPG;2019.04.12;23:27:49;;;Myotis myotis_Myotis blythii;;100.0;
P1120748.JPG;2019.04.12;23:28:23;;;Myotis myotis_Myotis blythii;;100.0;
P1120749.JPG;2019.04.12;23:28:35;;;Myotis myotis_Myotis blythii;;100.0;
P1120750.JPG;2019.04.12;23:39:51;;;Myotis myotis_Myotis blythii;;100.0;
P1120751.JPG;2019.04.12;23:57:28;;;Myotis bechsteinii;Mbec;99.9;
P1120752.JPG;2019.04.13;00:58:15;;;Myotis myotis_Myotis blythii;;99.9;
P1120753.JPG;2019.04.13;00:59:41;;;Myotis myotis_Myotis blythii;;100.0;
P1120754.JPG;2019.04.13;01:47:39;;;Myotis bechsteinii;Mbec;100.0;
P1120755.JPG;2019.04.13;02:14:53;;;Myotis bechsteinii;Mbec;100.0;
P1120756.JPG;2019.04.13;02:16:20;;;Myotis bechsteinii;Mbec;100.0;
P1120757.JPG;2019.04.13;02:16:40;;multiple;Myotis myotis_Myotis blythii;;100.0;
P1120757.JPG;2019.04.13;02:16:40;unsure;multiple;Myotis bechsteinii;Mbec;57.5;
P1120758.JPG;2019.04.13;02:46:04;;;Myotis bechsteinii;Mbec;99.9;
P1120759.JPG;2019.04.13;03:02:48;;;Myotis bechsteinii;Mbec;100.0;
P1120760.JPG;2019.04.13;03:18:32;;;Myotis bechsteinii;Mbec;99.9;
P1120761.JPG;2019.04.13;03:18:50;;;Myotis bechsteinii;Mbec;100.0;
P1120762.JPG;2019.04.13;03:22:04;;;Myotis bechsteinii;Mbec;99.8;
P1120763.JPG;2019.04.13;03:23:47;;;Myotis bechsteinii;Mbec;100.0;
P1120764.JPG;2019.04.13;04:07:52;;;Myotis bechsteinii;Mbec;99.8;
P1120765.JPG;2019.04.13;04:11:28;;;Myotis myotis_Myotis blythii;;100.0;
P1120766.JPG;2019.04.13;04:11:41;;;Myotis myotis_Myotis blythii;;100.0;
P1120767.JPG;2019.04.13;04:11:58;;;Myotis myotis_Myotis blythii;;100.0;
P1120768.JPG;2019.04.13;06:18:38;;;Myotis bechsteinii;Mbec;99.9;
P1120769.JPG;2019.04.13;06:54:50;;;Myotis bechsteinii;Mbec;99.9;
P1120770.JPG;2019.04.13;07:04:58;;;Myotis myotis_Myotis blythii;;99.9;
P1120771.JPG;2019.04.13;07:05:04;;;Myotis myotis_Myotis blythii;;100.0;
P1120772.JPG;2019.04.13;08:37:56;;;Myotis bechsteinii;Mbec;100.0;
P1120773.JPG;2019.04.13;09:08:09;;;Myotis bechsteinii;Mbec;99.7;
P1120774.JPG;2019.04.13;09:22:08;;;Myotis bechsteinii;Mbec;100.0;
P1120775.JPG;2019.04.13;11:12:04;;;Myotis bechsteinii;Mbec;99.2;
P1120776.JPG;2019.04.13;14:17:12;;;Myotis bechsteinii;Mbec;100.0;
P1120777.JPG;2019.04.13;14:33:23;;;Myotis bechsteinii;Mbec;100.0;
P1120778.JPG;2019.04.13;14:56:51;;;Myotis bechsteinii;Mbec;99.9;
P1120779.JPG;2019.04.13;15:24:11;;;Myotis bechsteinii;Mbec;100.0;
P1120780.JPG;2019.04.13;16:22:45;;;Myotis bechsteinii;Mbec;99.9;
P1120781.JPG;2019.04.13;17:19:00;;;Myotis bechsteinii;Mbec;100.0;
P1120782.JPG;2019.04.13;17:23:31;;;Myotis bechsteinii;Mbec;100.0;
P1120783.JPG;2019.04.13;17:24:15;;;Myotis bechsteinii;Mbec;99.6;
P1120784.JPG;2019.04.13;17:30:37;;;Myotis bechsteinii;Mbec;100.0;
P1120785.JPG;2019.04.13;18:24:36;;;Myotis bechsteinii;Mbec;99.7;
P1120786.JPG;2019.04.13;19:23:41;;;Myotis bechsteinii;Mbec;99.9;
P1120787.JPG;2019.04.13;19:25:50;;;Myotis bechsteinii;Mbec;99.9;
P1120788.JPG;2019.04.13;19:29:40;;;Myotis bechsteinii;Mbec;99.9;
P1120789.JPG;2019.04.13;20:02:07;;;Myotis bechsteinii;Mbec;99.9;
P1120790.JPG;2019.04.13;20:02:37;;;Myotis bechsteinii;Mbec;100.0;
P1120791.JPG;2019.04.13;20:49:05;;;Myotis myotis_Myotis blythii;;100.0;
P1120792.JPG;2019.04.13;20:51:47;;;Myotis bechsteinii;Mbec;100.0;
P1120793.JPG;2019.04.13;21:04:14;;;Myotis bechsteinii;Mbec;100.0;
P1120794.JPG;2019.04.13;21:10:23;;;Myotis bechsteinii;Mbec;99.9;
P1120795.JPG;2019.04.13;21:10:45;;;Myotis myotis_Myotis blythii;;100.0;
P1120796.JPG;2019.04.13;21:16:31;;;Myotis bechsteinii;Mbec;99.8;
P1120797.JPG;2019.04.13;22:17:19;;;Myotis myotis_Myotis blythii;;100.0;
P1120798.JPG;2019.04.13;22:23:51;;;Myotis bechsteinii;Mbec;99.8;
P1120799.JPG;2019.04.13;22:24:51;;;Myotis myotis_Myotis blythii;;100.0;
P1120800.JPG;2019.04.13;23:20:41;;;Myotis bechsteinii;Mbec;99.9;
P1120801.JPG;2019.04.13;23:24:45;;;Myotis bechsteinii;Mbec;99.9;
P1120802.JPG;2019.04.13;23:32:20;;;Myotis bechsteinii;Mbec;99.9;
P1120803.JPG;2019.04.13;23:33:10;;;Myotis bechsteinii;Mbec;99.5;
P1120804.JPG;2019.04.13;23:38:28;;;Myotis bechsteinii;Mbec;100.0;
P1120805.JPG;2019.04.13;23:40:45;;;Myotis bechsteinii;Mbec;99.9;
P1120806.JPG;2019.04.13;23:51:15;;;Myotis bechsteinii;Mbec;99.9;
P1120807.JPG;2019.04.13;23:51:20;;;Myotis bechsteinii;Mbec;100.0;
P1120808.JPG;2019.04.14;00:22:40;;;Myotis bechsteinii;Mbec;100.0;
P1120809.JPG;2019.04.14;00:23:00;;;Myotis bechsteinii;Mbec;100.0;
P1120810.JPG;2019.04.14;00:34:07;;;Myotis bechsteinii;Mbec;100.0;
P1120811.JPG;2019.04.14;01:04:08;;;Myotis bechsteinii;Mbec;99.9;
P1120812.JPG;2019.04.14;01:04:19;;;Myotis bechsteinii;Mbec;99.8;
P1120813.JPG;2019.04.14;01:31:29;;;Myotis bechsteinii;Mbec;99.9;
P1120814.JPG;2019.04.14;02:39:31;;;Myotis bechsteinii;Mbec;100.0;
P1120815.JPG;2019.04.14;02:45:37;;;Myotis bechsteinii;Mbec;100.0;
P1120816.JPG;2019.04.14;04:05:26;;;Myotis bechsteinii;Mbec;100.0;
P1120817.JPG;2019.04.14;04:32:40;;;Myotis bechsteinii;Mbec;100.0;
P1120818.JPG;2019.04.14;04:52:10;;;Myotis bechsteinii;Mbec;100.0;
P1120819.JPG;2019.04.14;06:00:05;;;Myotis bechsteinii;Mbec;100.0;
P1120820.JPG;2019.04.14;06:17:58;;;Myotis bechsteinii;Mbec;99.9;
P1120821.JPG;2019.04.14;06:31:05;;;Myotis bechsteinii;Mbec;100.0;
P1120822.JPG;2019.04.14;07:09:36;;;Myotis bechsteinii;Mbec;99.8;
P1120823.JPG;2019.04.14;08:23:32;;;Myotis bechsteinii;Mbec;100.0;
P1120824.JPG;2019.04.14;09:37:41;;;Myotis bechsteinii;Mbec;98.1;
P1120825.JPG;2019.04.14;10:01:38;;;Myotis bechsteinii;Mbec;100.0;
P1120826.JPG;2019.04.14;11:15:16;;;Myotis bechsteinii;Mbec;100.0;
P1120827.JPG;2019.04.14;11:16:40;;;Myotis bechsteinii;Mbec;100.0;
P1120828.JPG;2019.04.14;11:40:04;;;Myotis bechsteinii;Mbec;99.8;
P1120829.JPG;2019.04.14;13:05:25;;;Myotis bechsteinii;Mbec;99.9;
P1120830.JPG;2019.04.14;13:57:08;;;Myotis bechsteinii;Mbec;99.9;
P1120831.JPG;2019.04.14;13:57:12;unsure;;Myotis nattereri;Mnat;54.1;
P1120832.JPG;2019.04.14;15:16:03;;;Myotis bechsteinii;Mbec;100.0;
P1120833.JPG;2019.04.14;15:17:01;;;Myotis bechsteinii;Mbec;100.0;
P1120834.JPG;2019.04.14;16:24:52;;;Myotis bechsteinii;Mbec;99.9;
P1120835.JPG;2019.04.14;17:24:59;;;Myotis bechsteinii;Mbec;100.0;
P1120836.JPG;2019.04.14;17:34:07;;;Myotis bechsteinii;Mbec;100.0;
P1120837.JPG;2019.04.14;19:14:18;;;Myotis myotis_Myotis blythii;;100.0;
P1120838.JPG;2019.04.14;19:14:27;;;Myotis myotis_Myotis blythii;;100.0;
P1120839.JPG;2019.04.14;19:15:08;;;Myotis myotis_Myotis blythii;;100.0;
P1120840.JPG;2019.04.14;19:15:30;;;Myotis myotis_Myotis blythii;;100.0;
P1120841.JPG;2019.04.14;19:19:22;;;Myotis myotis_Myotis blythii;;100.0;
P1120842.JPG;2019.04.14;19:26:33;;;Myotis bechsteinii;Mbec;99.9;
P1120843.JPG;2019.04.14;19:33:30;;;Myotis myotis_Myotis blythii;;100.0;
P1120844.JPG;2019.04.14;19:34:53;;empty;;;;
P1120845.JPG;2019.04.14;19:35:54;;;Myotis bechsteinii;Mbec;100.0;
P1120846.JPG;2019.04.14;19:46:31;;;Myotis bechsteinii;Mbec;100.0;
P1120847.JPG;2019.04.14;19:46:49;;;Myotis bechsteinii;Mbec;100.0;
P1120848.JPG;2019.04.14;20:06:27;;;Myotis myotis_Myotis blythii;;99.8;
P1120849.JPG;2019.04.14;20:22:08;;;Myotis myotis_Myotis blythii;;100.0;
P1120850.JPG;2019.04.14;20:35:23;;;Myotis myotis_Myotis blythii;;100.0;
P1120851.JPG;2019.04.14;20:35:40;;;Myotis myotis_Myotis blythii;;99.8;
P1120852.JPG;2019.04.14;20:37:24;;;Myotis bechsteinii;Mbec;99.9;
P1120853.JPG;2019.04.14;21:25:09;;;Myotis myotis_Myotis blythii;;99.9;
P1120854.JPG;2019.04.14;21:25:22;;;Myotis myotis_Myotis blythii;;100.0;
P1120855.JPG;2019.04.14;21:40:07;;;Myotis myotis_Myotis blythii;;100.0;
P1120856.JPG;2019.04.14;21:51:30;;;Myotis myotis_Myotis blythii;;99.9;
P1120857.JPG;2019.04.14;21:54:40;;;Myotis myotis_Myotis blythii;;100.0;
P1120858.JPG;2019.04.14;22:46:03;;;Myotis bechsteinii;Mbec;99.9;
P1120859.JPG;2019.04.14;22:57:00;;;Myotis myotis_Myotis blythii;;100.0;
P1120860.JPG;2019.04.14;23:03:05;;;Myotis myotis_Myotis blythii;;100.0;
P1120861.JPG;2019.04.14;23:29:39;;;Myotis bechsteinii;Mbec;99.8;
P1120862.JPG;2019.04.14;23:40:47;;;Myotis bechsteinii;Mbec;99.8;
P1120863.JPG;2019.04.14;23:49:07;;;Myotis myotis_Myotis blythii;;100.0;
P1120864.JPG;2019.04.15;00:07:33;;;Myotis myotis_Myotis blythii;;99.9;
P1120865.JPG;2019.04.15;00:15:12;;;Myotis myotis_Myotis blythii;;99.9;
P1120866.JPG;2019.04.15;00:59:09;;;Myotis myotis_Myotis blythii;;99.8;
P1120867.JPG;2019.04.15;00:59:17;;;Myotis myotis_Myotis blythii;;100.0;
P1120868.JPG;2019.04.15;01:00:26;;;Myotis bechsteinii;Mbec;100.0;
P1120869.JPG;2019.04.15;01:10:43;;;Myotis bechsteinii;Mbec;99.9;
P1120870.JPG;2019.04.15;01:11:24;;;Myotis bechsteinii;Mbec;100.0;
P1120871.JPG;2019.04.15;01:12:38;;;Myotis myotis_Myotis blythii;;99.0;
P1120872.JPG;2019.04.15;01:13:05;;;Myotis myotis_Myotis blythii;;100.0;
P1120873.JPG;2019.04.15;01:22:54;;;Myotis bechsteinii;Mbec;100.0;
P1120874.JPG;2019.04.15;01:53:54;;;Myotis myotis_Myotis blythii;;100.0;
P1120875.JPG;2019.04.15;02:04:07;;;Myotis myotis_Myotis blythii;;100.0;
P1120876.JPG;2019.04.15;02:04:17;;;Myotis myotis_Myotis blythii;;100.0;
P1120877.JPG;2019.04.15;02:04:24;;;Myotis myotis_Myotis blythii;;99.9;
P1120878.JPG;2019.04.15;03:11:59;;;Myotis myotis_Myotis blythii;;100.0;
P1120879.JPG;2019.04.15;03:12:16;;;Myotis myotis_Myotis blythii;;100.0;
P1120880.JPG;2019.04.15;03:12:34;;;Myotis myotis_Myotis blythii;;99.7;
P1120881.JPG;2019.04.15;03:14:04;;;Myotis myotis_Myotis blythii;;100.0;
P1120882.JPG;2019.04.15;03:19:21;;;Myotis myotis_Myotis blythii;;100.0;
P1120883.JPG;2019.04.15;03:53:48;;;Myotis bechsteinii;Mbec;99.8;
P1120884.JPG;2019.04.15;04:26:17;;;Myotis myotis_Myotis blythii;;99.9;
P1120885.JPG;2019.04.15;04:29:39;;;Myotis myotis_Myotis blythii;;100.0;
P1120886.JPG;2019.04.15;04:41:57;;;Myotis bechsteinii;Mbec;100.0;
P1120887.JPG;2019.04.15;05:04:50;;;Myotis myotis_Myotis blythii;;99.9;
P1120888.JPG;2019.04.15;05:14:05;;;Myotis myotis_Myotis blythii;;99.9;
P1120889.JPG;2019.04.15;06:13:32;;;Myotis bechsteinii;Mbec;100.0;
P1120890.JPG;2019.04.15;06:20:37;;;Myotis myotis_Myotis blythii;;100.0;
P1120891.JPG;2019.04.15;08:58:13;;;Myotis bechsteinii;Mbec;99.9;
P1120892.JPG;2019.04.15;08:58:24;;;Myotis bechsteinii;Mbec;99.4;
P1120893.JPG;2019.04.15;12:01:04;;;Myotis bechsteinii;Mbec;100.0;
P1120894.JPG;2019.04.15;12:01:14;;;Myotis bechsteinii;Mbec;100.0;
P1120895.JPG;2019.04.15;12:06:12;;;Myotis bechsteinii;Mbec;99.9;
P1120896.JPG;2019.04.15;12:27:46;;;Myotis bechsteinii;Mbec;99.8;
P1120897.JPG;2019.04.15;14:52:03;;;Myotis bechsteinii;Mbec;99.7;
P1120898.JPG;2019.04.15;14:52:10;;;Myotis bechsteinii;Mbec;99.9;
P1120899.JPG;2019.04.15;17:29:21;;;Myotis bechsteinii;Mbec;100.0;
P1120900.JPG;2019.04.15;17:29:29;;;Myotis bechsteinii;Mbec;99.9;
P1120901.JPG;2019.04.15;18:12:13;;;Myotis myotis_Myotis blythii;;100.0;
P1120902.JPG;2019.04.15;19:16:03;;;Myotis bechsteinii;Mbec;98.3;
P1120903.JPG;2019.04.15;19:33:17;;;Myotis myotis_Myotis blythii;;100.0;
P1120904.JPG;2019.04.15;19:40:42;;;Myotis myotis_Myotis blythii;;100.0;
P1120905.JPG;2019.04.15;20:06:37;;;Myotis bechsteinii;Mbec;100.0;
P1120906.JPG;2019.04.15;20:06:47;;;Myotis bechsteinii;Mbec;99.9;
P1120907.JPG;2019.04.15;20:06:54;;;Myotis bechsteinii;Mbec;100.0;
P1120908.JPG;2019.04.15;20:15:21;;;Myotis myotis_Myotis blythii;;100.0;
P1120909.JPG;2019.04.15;20:15:27;;;Myotis myotis_Myotis blythii;;100.0;
P1120910.JPG;2019.04.15;20:15:50;;;Myotis myotis_Myotis blythii;;99.8;
P1120911.JPG;2019.04.15;20:16:33;;;Myotis myotis_Myotis blythii;;100.0;
P1120912.JPG;2019.04.15;20:20:13;;;Myotis myotis_Myotis blythii;;100.0;
P1120913.JPG;2019.04.15;20:20:44;;;Myotis myotis_Myotis blythii;;99.9;
P1120914.JPG;2019.04.15;20:23:09;;;Myotis myotis_Myotis blythii;;100.0;
P1120915.JPG;2019.04.15;20:46:40;;;Myotis myotis_Myotis blythii;;100.0;
P1120916.JPG;2019.04.15;20:51:11;;;Myotis bechsteinii;Mbec;98.2;
P1120917.JPG;2019.04.15;21:11:06;;;Myotis myotis_Myotis blythii;;99.9;
P1120918.JPG;2019.04.15;21:30:34;;;Myotis myotis_Myotis blythii;;100.0;
P1120919.JPG;2019.04.15;21:32:33;;;Myotis myotis_Myotis blythii;;100.0;
P1120920.JPG;2019.04.15;21:47:07;;;Myotis myotis_Myotis blythii;;100.0;
P1120921.JPG;2019.04.15;21:47:17;;;Myotis myotis_Myotis blythii;;100.0;
P1120922.JPG;2019.04.15;22:27:49;;;Myotis myotis_Myotis blythii;;100.0;
P1120923.JPG;2019.04.15;22:38:15;;;Myotis myotis_Myotis blythii;;100.0;
P1120924.JPG;2019.04.15;22:42:31;;;Myotis bechsteinii;Mbec;100.0;
P1120925.JPG;2019.04.15;22:42:42;;;Myotis bechsteinii;Mbec;99.8;
P1120926.JPG;2019.04.15;23:02:51;;;Myotis myotis_Myotis blythii;;100.0;
P1120927.JPG;2019.04.15;23:03:04;;;Myotis myotis_Myotis blythii;;100.0;
P1120928.JPG;2019.04.15;23:24:24;;;Myotis bechsteinii;Mbec;99.9;
P1120929.JPG;2019.04.16;00:09:23;;;Myotis myotis_Myotis blythii;;100.0;
P1120930.JPG;2019.04.16;00:14:10;;;Myotis myotis_Myotis blythii;;99.9;
P1120931.JPG;2019.04.16;00:16:26;;;Myotis bechsteinii;Mbec;100.0;
P1120932.JPG;2019.04.16;00:56:49;;;Myotis bechsteinii;Mbec;99.7;
P1120933.JPG;2019.04.16;01:22:43;;;Myotis bechsteinii;Mbec;100.0;
P1120934.JPG;2019.04.16;01:26:17;;;Myotis myotis_Myotis blythii;;100.0;
P1120935.JPG;2019.04.16;01:26:35;;;Myotis bechsteinii;Mbec;99.9;
P1120936.JPG;2019.04.16;01:32:21;;;Myotis myotis_Myotis blythii;;100.0;
P1120937.JPG;2019.04.16;02:32:56;;;Myotis bechsteinii;Mbec;100.0;
P1120938.JPG;2019.04.16;02:46:19;;;Myotis myotis_Myotis blythii;;100.0;
P1120939.JPG;2019.04.16;03:03:53;;;Myotis bechsteinii;Mbec;99.8;
P1120940.JPG;2019.04.16;03:59:58;;;Myotis myotis_Myotis blythii;;100.0;
P1120941.JPG;2019.04.16;04:00:36;;;Myotis myotis_Myotis blythii;;100.0;
P1120942.JPG;2019.04.16;04:00:47;;;Myotis myotis_Myotis blythii;;96.2;
P1120943.JPG;2019.04.16;04:17:31;;;Myotis bechsteinii;Mbec;100.0;
P1120944.JPG;2019.04.16;04:31:51;;;Myotis myotis_Myotis blythii;;100.0;
P1120945.JPG;2019.04.16;06:04:59;;;Myotis bechsteinii;Mbec;100.0;
P1120946.JPG;2019.04.16;06:36:11;;;Myotis bechsteinii;Mbec;99.5;
P1120947.JPG;2019.04.16;07:27:01;;;Myotis bechsteinii;Mbec;100.0;
P1120948.JPG;2019.04.16;07:35:04;;;Myotis bechsteinii;Mbec;100.0;
P1120949.JPG;2019.04.16;07:43:08;;;Myotis bechsteinii;Mbec;100.0;
P1120950.JPG;2019.04.16;07:44:50;;;Myotis bechsteinii;Mbec;100.0;
P1120951.JPG;2019.04.16;08:12:58;;;Myotis bechsteinii;Mbec;99.7;
P1120952.JPG;2019.04.16;12:18:40;;;Myotis bechsteinii;Mbec;99.9;
P1120953.JPG;2019.04.16;12:19:00;;;Myotis bechsteinii;Mbec;99.9;
P1120954.JPG;2019.04.16;12:48:28;;;Myotis myotis_Myotis blythii;;100.0;
P1120955.JPG;2019.04.16;12:50:51;;;Myotis myotis_Myotis blythii;;100.0;
P1120956.JPG;2019.04.16;12:51:12;;;Myotis myotis_Myotis blythii;;100.0;
P1120957.JPG;2019.04.16;13:10:02;;;Myotis myotis_Myotis blythii;;100.0;
P1120958.JPG;2019.04.16;13:54:58;;;Myotis bechsteinii;Mbec;100.0;
P1120959.JPG;2019.04.16;14:00:05;;;Myotis bechsteinii;Mbec;99.9;
P1120960.JPG;2019.04.16;14:02:54;;;Myotis bechsteinii;Mbec;99.9;
P1120961.JPG;2019.04.16;14:04:15;;;Myotis myotis_Myotis blythii;;100.0;
P1120962.JPG;2019.04.16;14:05:19;;;Myotis myotis_Myotis blythii;;100.0;
P1120963.JPG;2019.04.16;14:07:16;;;Myotis myotis_Myotis blythii;;100.0;
P1120964.JPG;2019.04.16;14:12:03;;;Myotis myotis_Myotis blythii;;100.0;
P1120965.JPG;2019.04.16;15:16:25;;;Myotis myotis_Myotis blythii;;100.0;
P1120966.JPG;2019.04.16;15:38:34;;;Myotis bechsteinii;Mbec;99.9;
P1120967.JPG;2019.04.16;15:45:02;;;Myotis myotis_Myotis blythii;;100.0;
P1120968.JPG;2019.04.16;15:45:11;;;Myotis myotis_Myotis blythii;;100.0;
P1120969.JPG;2019.04.16;15:45:16;;;Myotis myotis_Myotis blythii;;100.0;
P1120970.JPG;2019.04.16;15:45:28;;;Myotis myotis_Myotis blythii;;100.0;
P1120971.JPG;2019.04.16;15:49:19;;;Myotis bechsteinii;Mbec;99.1;
P1120972.JPG;2019.04.16;16:07:18;;;Myotis bechsteinii;Mbec;100.0;
P1120973.JPG;2019.04.16;16:07:24;;;Myotis bechsteinii;Mbec;99.9;
P1120974.JPG;2019.04.16;16:07:30;;;Myotis bechsteinii;Mbec;99.9;
P1120975.JPG;2019.04.16;16:08:28;;;Myotis bechsteinii;Mbec;99.9;
P1120976.JPG;2019.04.16;16:13:21;;;Myotis myotis_Myotis blythii;;100.0;
P1120977.JPG;2019.04.16;16:13:38;;;Myotis myotis_Myotis blythii;;100.0;
P1120978.JPG;2019.04.16;16:36:15;;;Myotis bechsteinii;Mbec;100.0;
P1120979.JPG;2019.04.16;17:11:59;;;Myotis bechsteinii;Mbec;99.8;
P1120980.JPG;2019.04.16;17:12:46;;;Myotis bechsteinii;Mbec;99.9;
P1120981.JPG;2019.04.16;17:20:36;;;Myotis bechsteinii;Mbec;100.0;
P1120982.JPG;2019.04.16;17:20:37;;;Myotis bechsteinii;Mbec;97.9;
P1120983.JPG;2019.04.16;17:21:24;;;Myotis bechsteinii;Mbec;100.0;
P1120984.JPG;2019.04.16;17:22:46;;;Myotis bechsteinii;Mbec;100.0;
P1120985.JPG;2019.04.16;17:59:22;;;Myotis myotis_Myotis blythii;;99.8;
P1120986.JPG;2019.04.16;18:53:11;;;Myotis myotis_Myotis blythii;;100.0;
P1120987.JPG;2019.04.16;18:53:21;;;Myotis myotis_Myotis blythii;;100.0;
P1120988.JPG;2019.04.16;18:55:29;;;Myotis bechsteinii;Mbec;100.0;
P1120989.JPG;2019.04.16;18:55:38;;;Myotis bechsteinii;Mbec;100.0;
P1120990.JPG;2019.04.16;18:55:46;;;Myotis myotis_Myotis blythii;;100.0;
P1120991.JPG;2019.04.16;18:59:35;;;Myotis myotis_Myotis blythii;;100.0;
P1120992.JPG;2019.04.16;19:03:36;;;Myotis bechsteinii;Mbec;100.0;
P1120993.JPG;2019.04.16;19:24:47;;;Myotis myotis_Myotis blythii;;99.9;
P1120994.JPG;2019.04.16;19:24:56;;;Myotis myotis_Myotis blythii;;100.0;
P1120995.JPG;2019.04.16;19:25:34;;;Myotis myotis_Myotis blythii;;100.0;
P1120996.JPG;2019.04.16;19:26:37;;;Myotis bechsteinii;Mbec;100.0;
P1120997.JPG;2019.04.16;19:32:53;;;Myotis myotis_Myotis blythii;;100.0;
P1120998.JPG;2019.04.16;19:39:40;;;Myotis myotis_Myotis blythii;;100.0;
P1120999.JPG;2019.04.16;19:39:59;;;Myotis myotis_Myotis blythii;;100.0;
