Filename,Filename2,Date,Time,Place,Individum,Beutegroesse,Comment
P1410001.JPG,3/21/2019,3/21/2019,7:49:58,Calw-Forsttunnel-Eingang,Testbild,,
P1410002.JPG,3/21/2019,3/21/2019,7:50:00,Calw-Forsttunnel-Eingang,Testbild,,
P1410003.JPG,3/21/2019,3/21/2019,7:50:02,Calw-Forsttunnel-Eingang,Testbild,,
P1410004.JPG,3/21/2019,3/21/2019,7:50:04,Calw-Forsttunnel-Eingang,Testbild,,
P1410005.JPG,3/21/2019,3/21/2019,18:19:12,Calw-Forsttunnel-Eingang,Zwergfledermaus,,
P1410006.JPG,3/21/2019,3/21/2019,18:33:17,Calw-Forsttunnel-Eingang,Zwergfledermaus,,
P1410007.JPG,3/21/2019,3/21/2019,18:34:40,Calw-Forsttunnel-Eingang,Zwergfledermaus,,
P1410008.JPG,3/21/2019,3/21/2019,18:39:30,Calw-Forsttunnel-Eingang,Langohrfledermaus,,
P1410009.JPG,3/21/2019,3/21/2019,18:52:56,Calw-Forsttunnel-Eingang,Zwergfledermaus,,
P1410010.JPG,3/21/2019,3/21/2019,18:57:30,Calw-Forsttunnel-Eingang,Langohrfledermaus,,
P1410011.JPG,3/21/2019,3/21/2019,19:05:23,Calw-Forsttunnel-Eingang,Langohrfledermaus,,
P1410012.JPG,3/21/2019,3/21/2019,19:05:34,Calw-Forsttunnel-Eingang,Langohrfledermaus,,
P1410013.JPG,3/21/2019,3/21/2019,19:05:38,Calw-Forsttunnel-Eingang,Langohrfledermaus,,
P1410014.JPG,3/21/2019,3/21/2019,19:06:43,Calw-Forsttunnel-Eingang,Langohrfledermaus,,
P1410015.JPG,3/21/2019,3/21/2019,19:15:56,Calw-Forsttunnel-Eingang,Langohrfledermaus,,
P1410016.JPG,3/21/2019,3/21/2019,19:18:05,Calw-Forsttunnel-Eingang,Langohrfledermaus,,
P1410017.JPG,3/21/2019,3/21/2019,19:24:37,Calw-Forsttunnel-Eingang,Langohrfledermaus,,
P1410018.JPG,3/21/2019,3/21/2019,19:27:06,Calw-Forsttunnel-Eingang,Langohrfledermaus,,
P1410019.JPG,3/21/2019,3/21/2019,19:29:36,Calw-Forsttunnel-Eingang,Langohrfledermaus,,
P1410020.JPG,3/21/2019,3/21/2019,19:32:25,Calw-Forsttunnel-Eingang,Langohrfledermaus,,
P1410021.JPG,3/21/2019,3/21/2019,19:41:24,Calw-Forsttunnel-Eingang,Langohrfledermaus,,
P1410022.JPG,3/21/2019,3/21/2019,19:49:46,Calw-Forsttunnel-Eingang,Langohrfledermaus,,
P1410023.JPG,3/21/2019,3/21/2019,19:53:26,Calw-Forsttunnel-Eingang,Langohrfledermaus,,
P1410024.JPG,3/21/2019,3/21/2019,19:53:50,Calw-Forsttunnel-Eingang,Fransenfledermaus,,
P1410025.JPG,3/21/2019,3/21/2019,19:56:33,Calw-Forsttunnel-Eingang,Langohrfledermaus,,
P1410026.JPG,3/21/2019,3/21/2019,20:08:02,Calw-Forsttunnel-Eingang,Langohrfledermaus,,
P1410027.JPG,3/21/2019,3/21/2019,20:16:46,Calw-Forsttunnel-Eingang,Langohrfledermaus,,
P1410028.JPG,3/21/2019,3/21/2019,20:25:13,Calw-Forsttunnel-Eingang,Langohrfledermaus,,
P1410029.JPG,3/21/2019,3/21/2019,20:32:54,Calw-Forsttunnel-Eingang,Langohrfledermaus,,
P1410030.JPG,3/21/2019,3/21/2019,20:35:22,Calw-Forsttunnel-Eingang,Langohrfledermaus,,
P1410031.JPG,3/21/2019,3/21/2019,20:46:25,Calw-Forsttunnel-Eingang,Langohrfledermaus,,
P1410032.JPG,3/21/2019,3/21/2019,20:52:47,Calw-Forsttunnel-Eingang,Langohrfledermaus,,
P1410033.JPG,3/21/2019,3/21/2019,20:57:09,Calw-Forsttunnel-Eingang,Langohrfledermaus,,
P1410034.JPG,3/21/2019,3/21/2019,20:58:58,Calw-Forsttunnel-Eingang,Langohrfledermaus,,
P1410035.JPG,3/21/2019,3/21/2019,21:15:33,Calw-Forsttunnel-Eingang,Langohrfledermaus,,
P1410036.JPG,3/21/2019,3/21/2019,21:23:54,Calw-Forsttunnel-Eingang,Langohrfledermaus,,
P1410037.JPG,3/21/2019,3/21/2019,21:28:03,Calw-Forsttunnel-Eingang,Langohrfledermaus,,
P1410038.JPG,3/21/2019,3/21/2019,21:31:21,Calw-Forsttunnel-Eingang,Langohrfledermaus,,
P1410039.JPG,3/21/2019,3/21/2019,21:43:09,Calw-Forsttunnel-Eingang,Langohrfledermaus,,
P1410040.JPG,3/21/2019,3/21/2019,21:53:31,Calw-Forsttunnel-Eingang,Langohrfledermaus,,
P1410041.JPG,3/21/2019,3/21/2019,22:05:26,Calw-Forsttunnel-Eingang,Langohrfledermaus,,
P1410042.JPG,3/21/2019,3/21/2019,22:18:04,Calw-Forsttunnel-Eingang,Langohrfledermaus,,
P1410043.JPG,3/21/2019,3/21/2019,22:29:36,Calw-Forsttunnel-Eingang,Langohrfledermaus,,
P1410044.JPG,3/21/2019,3/21/2019,22:48:25,Calw-Forsttunnel-Eingang,Langohrfledermaus,,
P1410045.JPG,3/21/2019,3/21/2019,23:00:58,Calw-Forsttunnel-Eingang,Langohrfledermaus,,
P1410046.JPG,3/21/2019,3/21/2019,23:02:26,Calw-Forsttunnel-Eingang,Langohrfledermaus,,
P1410047.JPG,3/21/2019,3/21/2019,23:13:41,Calw-Forsttunnel-Eingang,Langohrfledermaus,,
P1410048.JPG,3/21/2019,3/21/2019,23:19:40,Calw-Forsttunnel-Eingang,Langohrfledermaus,,
P1410049.JPG,3/21/2019,3/21/2019,23:46:31,Calw-Forsttunnel-Eingang,Langohrfledermaus,,
P1410050.JPG,3/22/2019,3/22/2019,0:33:22,Calw-Forsttunnel-Eingang,Langohrfledermaus,,
P1410051.JPG,3/22/2019,3/22/2019,0:52:23,Calw-Forsttunnel-Eingang,Langohrfledermaus,,
P1410052.JPG,3/22/2019,3/22/2019,1:31:12,Calw-Forsttunnel-Eingang,Mausohr,,
P1410053.JPG,3/22/2019,3/22/2019,2:39:24,Calw-Forsttunnel-Eingang,Langohrfledermaus,,
P1410054.JPG,3/22/2019,3/22/2019,2:56:53,Calw-Forsttunnel-Eingang,Langohrfledermaus,,
P1410055.JPG,3/22/2019,3/22/2019,3:55:53,Calw-Forsttunnel-Eingang,Langohrfledermaus,,
P1410056.JPG,3/22/2019,3/22/2019,15:09:44,Calw-Forsttunnel-Eingang,Vogel,,Rotschwanz
P1410057.JPG,3/22/2019,3/22/2019,18:13:48,Calw-Forsttunnel-Eingang,Zwergfledermaus,,
P1410058.JPG,3/22/2019,3/22/2019,18:14:34,Calw-Forsttunnel-Eingang,Zwergfledermaus,,
P1410059.JPG,3/22/2019,3/22/2019,18:15:54,Calw-Forsttunnel-Eingang,Zwergfledermaus,,
P1410060.JPG,3/22/2019,3/22/2019,18:18:11,Calw-Forsttunnel-Eingang,Zwergfledermaus,,
P1410061.JPG,3/22/2019,3/22/2019,18:19:18,Calw-Forsttunnel-Eingang,Zwergfledermaus,,
P1410062.JPG,3/22/2019,3/22/2019,18:20:52,Calw-Forsttunnel-Eingang,Zwergfledermaus,,
P1410063.JPG,3/22/2019,3/22/2019,18:21:37,Calw-Forsttunnel-Eingang,Zwergfledermaus,,
P1410064.JPG,3/22/2019,3/22/2019,18:22:50,Calw-Forsttunnel-Eingang,Zwergfledermaus,,
P1410065.JPG,3/22/2019,3/22/2019,18:23:33,Calw-Forsttunnel-Eingang,Zwergfledermaus,,
P1410066.JPG,3/22/2019,3/22/2019,18:23:49,Calw-Forsttunnel-Eingang,Zwergfledermaus,,
P1410067.JPG,3/22/2019,3/22/2019,18:24:26,Calw-Forsttunnel-Eingang,Zwergfledermaus,,
P1410068.JPG,3/22/2019,3/22/2019,18:25:03,Calw-Forsttunnel-Eingang,Zwergfledermaus,,
P1410069.JPG,3/22/2019,3/22/2019,18:26:21,Calw-Forsttunnel-Eingang,Zwergfledermaus,,
P1410070.JPG,3/22/2019,3/22/2019,18:27:06,Calw-Forsttunnel-Eingang,Zwergfledermaus,,
P1410071.JPG,3/22/2019,3/22/2019,18:29:19,Calw-Forsttunnel-Eingang,Zwergfledermaus,,
P1410072.JPG,3/22/2019,3/22/2019,18:32:29,Calw-Forsttunnel-Eingang,Zwergfledermaus,,
P1410073.JPG,3/22/2019,3/22/2019,18:36:28,Calw-Forsttunnel-Eingang,Zwergfledermaus,,
P1410074.JPG,3/22/2019,3/22/2019,18:37:26,Calw-Forsttunnel-Eingang,Zwergfledermaus,,
P1410075.JPG,3/22/2019,3/22/2019,18:38:39,Calw-Forsttunnel-Eingang,Zwergfledermaus,,
P1410076.JPG,3/22/2019,3/22/2019,18:44:04,Calw-Forsttunnel-Eingang,Zwergfledermaus,,
P1410077.JPG,3/22/2019,3/22/2019,18:48:55,Calw-Forsttunnel-Eingang,Langohrfledermaus,,
P1410078.JPG,3/22/2019,3/22/2019,18:57:34,Calw-Forsttunnel-Eingang,Langohrfledermaus,,
P1410079.JPG,3/22/2019,3/22/2019,19:03:13,Calw-Forsttunnel-Eingang,Langohrfledermaus,,
P1410080.JPG,3/22/2019,3/22/2019,19:07:48,Calw-Forsttunnel-Eingang,Langohrfledermaus,,
P1410081.JPG,3/22/2019,3/22/2019,19:22:19,Calw-Forsttunnel-Eingang,Langohrfledermaus,,
P1410082.JPG,3/22/2019,3/22/2019,19:26:22,Calw-Forsttunnel-Eingang,Langohrfledermaus,,
P1410083.JPG,3/22/2019,3/22/2019,19:32:32,Calw-Forsttunnel-Eingang,Langohrfledermaus,,
P1410084.JPG,3/22/2019,3/22/2019,19:32:45,Calw-Forsttunnel-Eingang,Langohrfledermaus,,
P1410085.JPG,3/22/2019,3/22/2019,19:41:20,Calw-Forsttunnel-Eingang,Langohrfledermaus,,
P1410086.JPG,3/22/2019,3/22/2019,19:59:54,Calw-Forsttunnel-Eingang,Langohrfledermaus,,
P1410087.JPG,3/22/2019,3/22/2019,20:13:42,Calw-Forsttunnel-Eingang,Langohrfledermaus,,
P1410088.JPG,3/22/2019,3/22/2019,20:15:38,Calw-Forsttunnel-Eingang,Mausohr,,
P1410089.JPG,3/22/2019,3/22/2019,20:21:16,Calw-Forsttunnel-Eingang,Langohrfledermaus,,
P1410090.JPG,3/22/2019,3/22/2019,20:31:36,Calw-Forsttunnel-Eingang,Breitflügelfledermaus,,
P1410091.JPG,3/22/2019,3/22/2019,20:33:24,Calw-Forsttunnel-Eingang,Langohrfledermaus,,
P1410092.JPG,3/22/2019,3/22/2019,20:34:45,Calw-Forsttunnel-Eingang,Langohrfledermaus,,
P1410093.JPG,3/22/2019,3/22/2019,20:36:55,Calw-Forsttunnel-Eingang,Langohrfledermaus,,
P1410094.JPG,3/22/2019,3/22/2019,20:57:11,Calw-Forsttunnel-Eingang,Langohrfledermaus,,
P1410095.JPG,3/22/2019,3/22/2019,20:57:34,Calw-Forsttunnel-Eingang,Langohrfledermaus,,
P1410096.JPG,3/22/2019,3/22/2019,21:03:25,Calw-Forsttunnel-Eingang,Mausohr,,
P1410097.JPG,3/22/2019,3/22/2019,21:10:26,Calw-Forsttunnel-Eingang,Langohrfledermaus,,
P1410098.JPG,3/22/2019,3/22/2019,21:17:41,Calw-Forsttunnel-Eingang,Langohrfledermaus,,
P1410099.JPG,3/22/2019,3/22/2019,21:23:36,Calw-Forsttunnel-Eingang,Langohrfledermaus,,
P1410100.JPG,3/22/2019,3/22/2019,21:29:19,Calw-Forsttunnel-Eingang,Langohrfledermaus,,
P1410101.JPG,3/22/2019,3/22/2019,21:36:12,Calw-Forsttunnel-Eingang,Langohrfledermaus,,
P1410102.JPG,3/22/2019,3/22/2019,21:58:20,Calw-Forsttunnel-Eingang,Langohrfledermaus,,
P1410103.JPG,3/22/2019,3/22/2019,22:07:24,Calw-Forsttunnel-Eingang,Mausohr,,
P1410104.JPG,3/22/2019,3/22/2019,22:33:13,Calw-Forsttunnel-Eingang,Fehlauslösung,,
P1410105.JPG,3/22/2019,3/22/2019,22:33:17,Calw-Forsttunnel-Eingang,Fransenfledermaus,,
P1410106.JPG,3/22/2019,3/22/2019,22:34:23,Calw-Forsttunnel-Eingang,Fransenfledermaus,,
P1410107.JPG,3/22/2019,3/22/2019,22:34:29,Calw-Forsttunnel-Eingang,Fransenfledermaus,,
P1410108.JPG,3/22/2019,3/22/2019,22:36:44,Calw-Forsttunnel-Eingang,Fransenfledermaus,,
P1410109.JPG,3/22/2019,3/22/2019,23:07:39,Calw-Forsttunnel-Eingang,Langohrfledermaus,,
P1410110.JPG,3/22/2019,3/22/2019,23:30:25,Calw-Forsttunnel-Eingang,Langohrfledermaus,,
P1410111.JPG,3/22/2019,3/22/2019,23:50:24,Calw-Forsttunnel-Eingang,Langohrfledermaus,,
P1410112.JPG,3/23/2019,3/23/2019,0:18:04,Calw-Forsttunnel-Eingang,Langohrfledermaus,,
P1410113.JPG,3/23/2019,3/23/2019,0:28:16,Calw-Forsttunnel-Eingang,Langohrfledermaus,,
P1410114.JPG,3/23/2019,3/23/2019,0:45:45,Calw-Forsttunnel-Eingang,Langohrfledermaus,,
P1410115.JPG,3/23/2019,3/23/2019,1:25:54,Calw-Forsttunnel-Eingang,Langohrfledermaus,,
P1410116.JPG,3/23/2019,3/23/2019,1:30:03,Calw-Forsttunnel-Eingang,Langohrfledermaus,,
P1410117.JPG,3/23/2019,3/23/2019,2:10:34,Calw-Forsttunnel-Eingang,Langohrfledermaus,,
P1410118.JPG,3/23/2019,3/23/2019,2:45:22,Calw-Forsttunnel-Eingang,Langohrfledermaus,,
P1410119.JPG,3/23/2019,3/23/2019,3:21:26,Calw-Forsttunnel-Eingang,Langohrfledermaus,,
P1410120.JPG,3/23/2019,3/23/2019,4:04:52,Calw-Forsttunnel-Eingang,Langohrfledermaus,,
P1410121.JPG,3/23/2019,3/23/2019,5:10:03,Calw-Forsttunnel-Eingang,Langohrfledermaus,,
P1410122.JPG,3/23/2019,3/23/2019,12:51:23,Calw-Forsttunnel-Eingang,Vogel,,Blaumeise
P1410123.JPG,3/23/2019,3/23/2019,18:54:08,Calw-Forsttunnel-Eingang,Langohrfledermaus,,
P1410124.JPG,3/23/2019,3/23/2019,18:58:23,Calw-Forsttunnel-Eingang,Langohrfledermaus,,
P1410125.JPG,3/23/2019,3/23/2019,19:01:30,Calw-Forsttunnel-Eingang,Langohrfledermaus,,
P1410126.JPG,3/23/2019,3/23/2019,19:07:59,Calw-Forsttunnel-Eingang,Fransenfledermaus,,
P1410127.JPG,3/23/2019,3/23/2019,19:09:58,Calw-Forsttunnel-Eingang,Langohrfledermaus,,
P1410128.JPG,3/23/2019,3/23/2019,19:16:55,Calw-Forsttunnel-Eingang,Langohrfledermaus,,
P1410129.JPG,3/23/2019,3/23/2019,19:17:14,Calw-Forsttunnel-Eingang,Langohrfledermaus,,
P1410130.JPG,3/23/2019,3/23/2019,19:23:56,Calw-Forsttunnel-Eingang,Langohrfledermaus,,
P1410131.JPG,3/23/2019,3/23/2019,19:28:00,Calw-Forsttunnel-Eingang,Langohrfledermaus,,
P1410132.JPG,3/23/2019,3/23/2019,19:32:57,Calw-Forsttunnel-Eingang,Langohrfledermaus,,
P1410133.JPG,3/23/2019,3/23/2019,19:34:58,Calw-Forsttunnel-Eingang,Langohrfledermaus,,
P1410134.JPG,3/23/2019,3/23/2019,19:35:36,Calw-Forsttunnel-Eingang,Langohrfledermaus,,
P1410135.JPG,3/23/2019,3/23/2019,19:37:14,Calw-Forsttunnel-Eingang,Langohrfledermaus,,
P1410136.JPG,3/23/2019,3/23/2019,19:38:43,Calw-Forsttunnel-Eingang,Langohrfledermaus,,
P1410137.JPG,3/23/2019,3/23/2019,19:41:37,Calw-Forsttunnel-Eingang,Breitflügelfledermaus,,
P1410138.JPG,3/23/2019,3/23/2019,19:50:40,Calw-Forsttunnel-Eingang,Langohrfledermaus,,
P1410139.JPG,3/23/2019,3/23/2019,19:58:50,Calw-Forsttunnel-Eingang,Langohrfledermaus,,
P1410140.JPG,3/23/2019,3/23/2019,20:03:49,Calw-Forsttunnel-Eingang,Langohrfledermaus,,
P1410141.JPG,3/23/2019,3/23/2019,20:05:32,Calw-Forsttunnel-Eingang,Langohrfledermaus,,
P1410142.JPG,3/23/2019,3/23/2019,20:23:29,Calw-Forsttunnel-Eingang,Langohrfledermaus,,
P1410143.JPG,3/23/2019,3/23/2019,20:33:13,Calw-Forsttunnel-Eingang,Langohrfledermaus,,
P1410144.JPG,3/23/2019,3/23/2019,20:35:30,Calw-Forsttunnel-Eingang,Langohrfledermaus,,
P1410145.JPG,3/23/2019,3/23/2019,20:41:15,Calw-Forsttunnel-Eingang,Langohrfledermaus,,
P1410146.JPG,3/23/2019,3/23/2019,20:42:24,Calw-Forsttunnel-Eingang,Langohrfledermaus,,
P1410147.JPG,3/23/2019,3/23/2019,20:43:22,Calw-Forsttunnel-Eingang,Langohrfledermaus,,
P1410148.JPG,3/23/2019,3/23/2019,20:44:18,Calw-Forsttunnel-Eingang,Schwarzbild,,
P1410149.JPG,3/23/2019,3/23/2019,20:57:45,Calw-Forsttunnel-Eingang,Langohrfledermaus,,
P1410150.JPG,3/23/2019,3/23/2019,21:16:47,Calw-Forsttunnel-Eingang,Langohrfledermaus,,
P1410151.JPG,3/23/2019,3/23/2019,21:17:05,Calw-Forsttunnel-Eingang,Langohrfledermaus,,
P1410152.JPG,3/23/2019,3/23/2019,21:19:30,Calw-Forsttunnel-Eingang,Langohrfledermaus,,
P1410153.JPG,3/23/2019,3/23/2019,21:21:09,Calw-Forsttunnel-Eingang,Langohrfledermaus,,
P1410154.JPG,3/23/2019,3/23/2019,21:21:49,Calw-Forsttunnel-Eingang,Langohrfledermaus,,
P1410155.JPG,3/23/2019,3/23/2019,21:22:48,Calw-Forsttunnel-Eingang,Langohrfledermaus,,
P1410156.JPG,3/23/2019,3/23/2019,21:31:49,Calw-Forsttunnel-Eingang,Langohrfledermaus,,
P1410157.JPG,3/23/2019,3/23/2019,21:32:12,Calw-Forsttunnel-Eingang,Langohrfledermaus,,
P1410158.JPG,3/23/2019,3/23/2019,21:38:59,Calw-Forsttunnel-Eingang,Langohrfledermaus,,
P1410159.JPG,3/23/2019,3/23/2019,21:49:22,Calw-Forsttunnel-Eingang,Langohrfledermaus,,
P1410160.JPG,3/23/2019,3/23/2019,21:50:01,Calw-Forsttunnel-Eingang,Langohrfledermaus,,
P1410161.JPG,3/23/2019,3/23/2019,21:58:58,Calw-Forsttunnel-Eingang,Langohrfledermaus,,
P1410162.JPG,3/23/2019,3/23/2019,22:05:43,Calw-Forsttunnel-Eingang,Langohrfledermaus,,
P1410163.JPG,3/23/2019,3/23/2019,22:14:27,Calw-Forsttunnel-Eingang,Langohrfledermaus,,
P1410164.JPG,3/23/2019,3/23/2019,22:18:55,Calw-Forsttunnel-Eingang,Langohrfledermaus,,
P1410165.JPG,3/23/2019,3/23/2019,22:23:50,Calw-Forsttunnel-Eingang,Langohrfledermaus,,
P1410166.JPG,3/23/2019,3/23/2019,22:28:42,Calw-Forsttunnel-Eingang,Zwergfledermaus,,
P1410167.JPG,3/23/2019,3/23/2019,22:36:26,Calw-Forsttunnel-Eingang,Langohrfledermaus,,
P1410168.JPG,3/23/2019,3/23/2019,22:47:31,Calw-Forsttunnel-Eingang,Langohrfledermaus,,
P1410169.JPG,3/23/2019,3/23/2019,23:06:27,Calw-Forsttunnel-Eingang,Langohrfledermaus,,
P1410170.JPG,3/23/2019,3/23/2019,23:11:44,Calw-Forsttunnel-Eingang,Fehlauslösung,,
P1410171.JPG,3/23/2019,3/23/2019,23:26:34,Calw-Forsttunnel-Eingang,Langohrfledermaus,,
P1410172.JPG,3/23/2019,3/23/2019,23:51:34,Calw-Forsttunnel-Eingang,Langohrfledermaus,,
P1410173.JPG,3/24/2019,3/24/2019,0:07:01,Calw-Forsttunnel-Eingang,Langohrfledermaus,,
P1410174.JPG,3/24/2019,3/24/2019,0:20:12,Calw-Forsttunnel-Eingang,Langohrfledermaus,,
P1410175.JPG,3/24/2019,3/24/2019,0:56:39,Calw-Forsttunnel-Eingang,Langohrfledermaus,,
P1410176.JPG,3/24/2019,3/24/2019,1:03:40,Calw-Forsttunnel-Eingang,Langohrfledermaus,,
P1410177.JPG,3/24/2019,3/24/2019,1:22:45,Calw-Forsttunnel-Eingang,Langohrfledermaus,,
P1410178.JPG,3/24/2019,3/24/2019,1:25:17,Calw-Forsttunnel-Eingang,Langohrfledermaus,,
P1410179.JPG,3/24/2019,3/24/2019,2:17:09,Calw-Forsttunnel-Eingang,Langohrfledermaus,,
P1410180.JPG,3/24/2019,3/24/2019,5:30:00,Calw-Forsttunnel-Eingang,Langohrfledermaus,,
P1410181.JPG,3/24/2019,3/24/2019,18:30:52,Calw-Forsttunnel-Eingang,Zwergfledermaus,,
P1410182.JPG,3/24/2019,3/24/2019,19:01:20,Calw-Forsttunnel-Eingang,fledermausfrei,,
P1410183.JPG,3/24/2019,3/24/2019,19:18:07,Calw-Forsttunnel-Eingang,Langohrfledermaus,,
P1410184.JPG,3/24/2019,3/24/2019,19:19:34,Calw-Forsttunnel-Eingang,Langohrfledermaus,,
P1410185.JPG,3/24/2019,3/24/2019,19:19:59,Calw-Forsttunnel-Eingang,Langohrfledermaus,,
P1410186.JPG,3/24/2019,3/24/2019,19:23:25,Calw-Forsttunnel-Eingang,Langohrfledermaus,,
P1410187.JPG,3/24/2019,3/24/2019,19:23:49,Calw-Forsttunnel-Eingang,Langohrfledermaus,,
P1410188.JPG,3/24/2019,3/24/2019,19:28:37,Calw-Forsttunnel-Eingang,Langohrfledermaus,,
P1410189.JPG,3/24/2019,3/24/2019,19:29:19,Calw-Forsttunnel-Eingang,Langohrfledermaus,,
P1410190.JPG,3/24/2019,3/24/2019,19:37:32,Calw-Forsttunnel-Eingang,Langohrfledermaus,,
P1410191.JPG,3/24/2019,3/24/2019,19:44:03,Calw-Forsttunnel-Eingang,Langohrfledermaus,,
P1410192.JPG,3/24/2019,3/24/2019,20:06:05,Calw-Forsttunnel-Eingang,Langohrfledermaus,,
P1410193.JPG,3/24/2019,3/24/2019,20:09:23,Calw-Forsttunnel-Eingang,Langohrfledermaus,,
P1410194.JPG,3/24/2019,3/24/2019,20:20:02,Calw-Forsttunnel-Eingang,Langohrfledermaus,,
P1410195.JPG,3/24/2019,3/24/2019,20:28:22,Calw-Forsttunnel-Eingang,Mausohr,,
P1410196.JPG,3/24/2019,3/24/2019,20:59:08,Calw-Forsttunnel-Eingang,Langohrfledermaus,,
P1410197.JPG,3/24/2019,3/24/2019,21:07:13,Calw-Forsttunnel-Eingang,Langohrfledermaus,,
P1410198.JPG,3/24/2019,3/24/2019,21:28:34,Calw-Forsttunnel-Eingang,Langohrfledermaus,,
P1410199.JPG,3/24/2019,3/24/2019,21:34:15,Calw-Forsttunnel-Eingang,Langohrfledermaus,,
P1410200.JPG,3/24/2019,3/24/2019,21:34:25,Calw-Forsttunnel-Eingang,Fransenfledermaus,,
P1410201.JPG,3/24/2019,3/24/2019,21:38:03,Calw-Forsttunnel-Eingang,Langohrfledermaus,,
P1410202.JPG,3/24/2019,3/24/2019,21:46:06,Calw-Forsttunnel-Eingang,Langohrfledermaus,,
P1410203.JPG,3/24/2019,3/24/2019,21:46:39,Calw-Forsttunnel-Eingang,Langohrfledermaus,,
P1410204.JPG,3/24/2019,3/24/2019,21:47:16,Calw-Forsttunnel-Eingang,Langohrfledermaus,,
P1410205.JPG,3/24/2019,3/24/2019,21:47:53,Calw-Forsttunnel-Eingang,Langohrfledermaus,,
P1410206.JPG,3/24/2019,3/24/2019,21:53:49,Calw-Forsttunnel-Eingang,Langohrfledermaus,,
P1410207.JPG,3/24/2019,3/24/2019,21:54:07,Calw-Forsttunnel-Eingang,Langohrfledermaus,,
P1410208.JPG,3/24/2019,3/24/2019,21:57:23,Calw-Forsttunnel-Eingang,Langohrfledermaus,,
P1410209.JPG,3/24/2019,3/24/2019,21:59:23,Calw-Forsttunnel-Eingang,Langohrfledermaus,,
P1410210.JPG,3/24/2019,3/24/2019,22:07:26,Calw-Forsttunnel-Eingang,Langohrfledermaus,,
P1410211.JPG,3/24/2019,3/24/2019,22:15:26,Calw-Forsttunnel-Eingang,Langohrfledermaus,,
P1410212.JPG,3/24/2019,3/24/2019,22:23:57,Calw-Forsttunnel-Eingang,fledermausfrei,,x
P1410213.JPG,3/24/2019,3/24/2019,22:24:07,Calw-Forsttunnel-Eingang,fledermausfrei,,x
P1410214.JPG,3/24/2019,3/24/2019,22:24:17,Calw-Forsttunnel-Eingang,fledermausfrei,,
P1410215.JPG,3/24/2019,3/24/2019,22:31:38,Calw-Forsttunnel-Eingang,fledermausfrei,,x
P1410216.JPG,3/24/2019,3/24/2019,22:34:13,Calw-Forsttunnel-Eingang,Langohrfledermaus,,
P1410217.JPG,3/24/2019,3/24/2019,22:44:11,Calw-Forsttunnel-Eingang,Langohrfledermaus,,
P1410218.JPG,3/24/2019,3/24/2019,22:44:38,Calw-Forsttunnel-Eingang,Langohrfledermaus,,
P1410219.JPG,3/24/2019,3/24/2019,22:52:40,Calw-Forsttunnel-Eingang,Langohrfledermaus,,
P1410220.JPG,3/24/2019,3/24/2019,22:52:42,Calw-Forsttunnel-Eingang,Langohrfledermaus,,
P1410221.JPG,3/24/2019,3/24/2019,22:53:13,Calw-Forsttunnel-Eingang,Langohrfledermaus,,
P1410222.JPG,3/24/2019,3/24/2019,22:53:34,Calw-Forsttunnel-Eingang,Langohrfledermaus,,
P1410223.JPG,3/24/2019,3/24/2019,22:54:10,Calw-Forsttunnel-Eingang,Langohrfledermaus,,
P1410224.JPG,3/24/2019,3/24/2019,22:58:08,Calw-Forsttunnel-Eingang,Langohrfledermaus,,
P1410225.JPG,3/24/2019,3/24/2019,23:02:30,Calw-Forsttunnel-Eingang,Langohrfledermaus,,
P1410226.JPG,3/24/2019,3/24/2019,23:02:46,Calw-Forsttunnel-Eingang,Langohrfledermaus,,
P1410227.JPG,3/24/2019,3/24/2019,23:03:06,Calw-Forsttunnel-Eingang,Langohrfledermaus,,
P1410228.JPG,3/24/2019,3/24/2019,23:03:41,Calw-Forsttunnel-Eingang,Langohrfledermaus,,
P1410229.JPG,3/24/2019,3/24/2019,23:04:21,Calw-Forsttunnel-Eingang,Langohrfledermaus,,
P1410230.JPG,3/24/2019,3/24/2019,23:06:11,Calw-Forsttunnel-Eingang,Langohrfledermaus,,
P1410231.JPG,3/24/2019,3/24/2019,23:06:32,Calw-Forsttunnel-Eingang,Langohrfledermaus,,
P1410231.JPG,3/24/2019,3/24/2019,23:06:32,Calw-Forsttunnel-Eingang,Langohrfledermaus,,
P1410231.JPG,3/24/2019,3/24/2019,23:06:32,Calw-Forsttunnel-Eingang,Tandem,,2
P1410232.JPG,3/24/2019,3/24/2019,23:10:53,Calw-Forsttunnel-Eingang,Langohrfledermaus,,
P1410233.JPG,3/24/2019,3/24/2019,23:11:28,Calw-Forsttunnel-Eingang,Langohrfledermaus,,
P1410234.JPG,3/24/2019,3/24/2019,23:11:40,Calw-Forsttunnel-Eingang,Langohrfledermaus,,
P1410235.JPG,3/24/2019,3/24/2019,23:12:21,Calw-Forsttunnel-Eingang,Langohrfledermaus,,
P1410236.JPG,3/24/2019,3/24/2019,23:12:41,Calw-Forsttunnel-Eingang,Langohrfledermaus,,
P1410237.JPG,3/24/2019,3/24/2019,23:13:13,Calw-Forsttunnel-Eingang,Langohrfledermaus,,
P1410238.JPG,3/24/2019,3/24/2019,23:14:08,Calw-Forsttunnel-Eingang,Langohrfledermaus,,
P1410239.JPG,3/24/2019,3/24/2019,23:18:07,Calw-Forsttunnel-Eingang,Langohrfledermaus,,
P1410240.JPG,3/24/2019,3/24/2019,23:18:28,Calw-Forsttunnel-Eingang,Langohrfledermaus,,
P1410241.JPG,3/24/2019,3/24/2019,23:19:01,Calw-Forsttunnel-Eingang,Langohrfledermaus,,
P1410242.JPG,3/24/2019,3/24/2019,23:19:27,Calw-Forsttunnel-Eingang,Langohrfledermaus,,
P1410243.JPG,3/24/2019,3/24/2019,23:21:43,Calw-Forsttunnel-Eingang,Langohrfledermaus,,
P1410244.JPG,3/24/2019,3/24/2019,23:22:42,Calw-Forsttunnel-Eingang,Langohrfledermaus,,
P1410245.JPG,3/24/2019,3/24/2019,23:22:48,Calw-Forsttunnel-Eingang,Langohrfledermaus,,
P1410246.JPG,3/24/2019,3/24/2019,23:24:06,Calw-Forsttunnel-Eingang,Langohrfledermaus,,
P1410247.JPG,3/24/2019,3/24/2019,23:24:44,Calw-Forsttunnel-Eingang,Langohrfledermaus,,
P1410248.JPG,3/24/2019,3/24/2019,23:26:11,Calw-Forsttunnel-Eingang,Langohrfledermaus,,
P1410249.JPG,3/24/2019,3/24/2019,23:30:04,Calw-Forsttunnel-Eingang,Langohrfledermaus,,
P1410250.JPG,3/24/2019,3/24/2019,23:30:36,Calw-Forsttunnel-Eingang,Langohrfledermaus,,
P1410251.JPG,3/24/2019,3/24/2019,23:30:54,Calw-Forsttunnel-Eingang,Langohrfledermaus,,
P1410252.JPG,3/24/2019,3/24/2019,23:32:33,Calw-Forsttunnel-Eingang,Langohrfledermaus,,
P1410253.JPG,3/24/2019,3/24/2019,23:34:25,Calw-Forsttunnel-Eingang,Langohrfledermaus,,
P1410254.JPG,3/24/2019,3/24/2019,23:37:00,Calw-Forsttunnel-Eingang,Langohrfledermaus,,
P1410255.JPG,3/24/2019,3/24/2019,23:39:19,Calw-Forsttunnel-Eingang,Langohrfledermaus,,
P1410256.JPG,3/24/2019,3/24/2019,23:40:52,Calw-Forsttunnel-Eingang,Langohrfledermaus,,
P1410257.JPG,3/24/2019,3/24/2019,23:42:45,Calw-Forsttunnel-Eingang,Langohrfledermaus,,
P1410258.JPG,3/24/2019,3/24/2019,23:47:37,Calw-Forsttunnel-Eingang,Langohrfledermaus,,
P1410259.JPG,3/24/2019,3/24/2019,23:48:54,Calw-Forsttunnel-Eingang,Mausohr,,
P1410260.JPG,3/24/2019,3/24/2019,23:49:38,Calw-Forsttunnel-Eingang,Langohrfledermaus,,
P1410261.JPG,3/24/2019,3/24/2019,23:52:16,Calw-Forsttunnel-Eingang,Langohrfledermaus,,
P1410262.JPG,3/24/2019,3/24/2019,23:54:37,Calw-Forsttunnel-Eingang,Langohrfledermaus,,
P1410263.JPG,3/24/2019,3/24/2019,23:55:16,Calw-Forsttunnel-Eingang,Langohrfledermaus,,
P1410264.JPG,3/24/2019,3/24/2019,23:56:01,Calw-Forsttunnel-Eingang,Langohrfledermaus,,
P1410265.JPG,3/24/2019,3/24/2019,23:59:43,Calw-Forsttunnel-Eingang,Langohrfledermaus,,
P1410266.JPG,3/24/2019,3/24/2019,23:59:48,Calw-Forsttunnel-Eingang,Langohrfledermaus,,
P1410267.JPG,3/25/2019,3/25/2019,0:00:32,Calw-Forsttunnel-Eingang,Langohrfledermaus,,
P1410268.JPG,3/25/2019,3/25/2019,0:01:38,Calw-Forsttunnel-Eingang,Langohrfledermaus,,
P1410269.JPG,3/25/2019,3/25/2019,0:03:37,Calw-Forsttunnel-Eingang,Langohrfledermaus,,
P1410270.JPG,3/25/2019,3/25/2019,0:07:02,Calw-Forsttunnel-Eingang,Langohrfledermaus,,
P1410271.JPG,3/25/2019,3/25/2019,0:07:20,Calw-Forsttunnel-Eingang,Langohrfledermaus,,
P1410272.JPG,3/25/2019,3/25/2019,0:12:38,Calw-Forsttunnel-Eingang,Langohrfledermaus,,
P1410273.JPG,3/25/2019,3/25/2019,0:14:03,Calw-Forsttunnel-Eingang,Langohrfledermaus,,
P1410274.JPG,3/25/2019,3/25/2019,0:15:26,Calw-Forsttunnel-Eingang,Langohrfledermaus,,
P1410275.JPG,3/25/2019,3/25/2019,0:18:35,Calw-Forsttunnel-Eingang,Langohrfledermaus,,
P1410276.JPG,3/25/2019,3/25/2019,0:23:11,Calw-Forsttunnel-Eingang,Langohrfledermaus,,
P1410277.JPG,3/25/2019,3/25/2019,0:24:26,Calw-Forsttunnel-Eingang,Langohrfledermaus,,
P1410278.JPG,3/25/2019,3/25/2019,0:26:08,Calw-Forsttunnel-Eingang,Langohrfledermaus,,
P1410279.JPG,3/25/2019,3/25/2019,0:27:37,Calw-Forsttunnel-Eingang,Langohrfledermaus,,
P1410280.JPG,3/25/2019,3/25/2019,0:38:03,Calw-Forsttunnel-Eingang,Langohrfledermaus,,
P1410281.JPG,3/25/2019,3/25/2019,0:41:28,Calw-Forsttunnel-Eingang,Langohrfledermaus,,
P1410282.JPG,3/25/2019,3/25/2019,0:53:09,Calw-Forsttunnel-Eingang,Langohrfledermaus,,
P1410283.JPG,3/25/2019,3/25/2019,0:53:53,Calw-Forsttunnel-Eingang,Langohrfledermaus,,
P1410284.JPG,3/25/2019,3/25/2019,1:00:19,Calw-Forsttunnel-Eingang,Langohrfledermaus,,
P1410285.JPG,3/25/2019,3/25/2019,1:01:34,Calw-Forsttunnel-Eingang,Langohrfledermaus,,Graues Langohr?
P1410286.JPG,3/25/2019,3/25/2019,1:15:02,Calw-Forsttunnel-Eingang,Langohrfledermaus,,
P1410287.JPG,3/25/2019,3/25/2019,1:16:10,Calw-Forsttunnel-Eingang,Langohrfledermaus,,
P1410288.JPG,3/25/2019,3/25/2019,1:17:56,Calw-Forsttunnel-Eingang,Langohrfledermaus,,
P1410289.JPG,3/25/2019,3/25/2019,1:23:02,Calw-Forsttunnel-Eingang,Langohrfledermaus,,
P1410290.JPG,3/25/2019,3/25/2019,1:29:08,Calw-Forsttunnel-Eingang,Breitflügelfledermaus,,
P1410291.JPG,3/25/2019,3/25/2019,1:42:48,Calw-Forsttunnel-Eingang,Langohrfledermaus,,
P1410292.JPG,3/25/2019,3/25/2019,1:46:29,Calw-Forsttunnel-Eingang,Langohrfledermaus,,
P1410293.JPG,3/25/2019,3/25/2019,1:58:34,Calw-Forsttunnel-Eingang,Fransenfledermaus,,
P1410294.JPG,3/25/2019,3/25/2019,1:59:19,Calw-Forsttunnel-Eingang,Fransenfledermaus,,
P1410295.JPG,3/25/2019,3/25/2019,1:59:32,Calw-Forsttunnel-Eingang,Fransenfledermaus,,
P1410296.JPG,3/25/2019,3/25/2019,1:59:50,Calw-Forsttunnel-Eingang,Fransenfledermaus,,
P1410297.JPG,3/25/2019,3/25/2019,2:09:02,Calw-Forsttunnel-Eingang,Langohrfledermaus,,
P1410298.JPG,3/25/2019,3/25/2019,2:11:29,Calw-Forsttunnel-Eingang,Langohrfledermaus,,
P1410299.JPG,3/25/2019,3/25/2019,2:33:48,Calw-Forsttunnel-Eingang,Fransenfledermaus,,
P1410300.JPG,3/25/2019,3/25/2019,2:39:12,Calw-Forsttunnel-Eingang,Langohrfledermaus,,
P1410301.JPG,3/25/2019,3/25/2019,2:55:11,Calw-Forsttunnel-Eingang,Breitflügelfledermaus,,
P1410302.JPG,3/25/2019,3/25/2019,2:58:10,Calw-Forsttunnel-Eingang,Langohrfledermaus,,
P1410303.JPG,3/25/2019,3/25/2019,3:16:27,Calw-Forsttunnel-Eingang,Langohrfledermaus,,
P1410304.JPG,3/25/2019,3/25/2019,3:37:58,Calw-Forsttunnel-Eingang,Langohrfledermaus,,
P1410305.JPG,3/25/2019,3/25/2019,3:56:46,Calw-Forsttunnel-Eingang,Langohrfledermaus,,
P1410306.JPG,3/25/2019,3/25/2019,4:58:07,Calw-Forsttunnel-Eingang,Langohrfledermaus,,
P1410307.JPG,3/25/2019,3/25/2019,5:00:46,Calw-Forsttunnel-Eingang,Langohrfledermaus,,
P1410308.JPG,3/25/2019,3/25/2019,19:02:50,Calw-Forsttunnel-Eingang,Zwergfledermaus,,
P1410309.JPG,3/25/2019,3/25/2019,19:07:00,Calw-Forsttunnel-Eingang,Langohrfledermaus,,
P1410310.JPG,,3/25/2019,19:36:43,Calw-Forsttunnel-Eingang,Fledermaus nicht bestimmbar,,
P1410311.JPG,3/25/2019,3/25/2019,19:42:55,Calw-Forsttunnel-Eingang,Langohrfledermaus,,
P1410312.JPG,3/25/2019,3/25/2019,19:43:56,Calw-Forsttunnel-Eingang,Langohrfledermaus,,
P1410313.JPG,3/25/2019,3/25/2019,19:55:48,Calw-Forsttunnel-Eingang,Langohrfledermaus,,
P1410314.JPG,3/25/2019,3/25/2019,19:58:10,Calw-Forsttunnel-Eingang,Fransenfledermaus,,
P1410315.JPG,3/25/2019,3/25/2019,20:00:01,Calw-Forsttunnel-Eingang,Langohrfledermaus,,
P1410316.JPG,3/25/2019,3/25/2019,20:01:24,Calw-Forsttunnel-Eingang,Langohrfledermaus,,
P1410317.JPG,3/25/2019,3/25/2019,20:04:37,Calw-Forsttunnel-Eingang,Langohrfledermaus,,
P1410318.JPG,3/25/2019,3/25/2019,20:05:29,Calw-Forsttunnel-Eingang,Langohrfledermaus,,
P1410319.JPG,3/25/2019,3/25/2019,20:07:44,Calw-Forsttunnel-Eingang,Langohrfledermaus,,
P1410320.JPG,3/25/2019,3/25/2019,20:31:20,Calw-Forsttunnel-Eingang,Langohrfledermaus,,
P1410321.JPG,3/25/2019,3/25/2019,20:37:37,Calw-Forsttunnel-Eingang,Fransenfledermaus,,
P1410322.JPG,3/25/2019,3/25/2019,20:37:47,Calw-Forsttunnel-Eingang,Fransenfledermaus,,
P1410323.JPG,3/25/2019,3/25/2019,20:38:22,Calw-Forsttunnel-Eingang,Fransenfledermaus,,
P1410324.JPG,3/25/2019,3/25/2019,20:38:34,Calw-Forsttunnel-Eingang,Fransenfledermaus,,
P1410325.JPG,3/25/2019,3/25/2019,20:40:20,Calw-Forsttunnel-Eingang,Langohrfledermaus,,
P1410326.JPG,3/25/2019,3/25/2019,20:47:13,Calw-Forsttunnel-Eingang,Langohrfledermaus,,
P1410327.JPG,3/25/2019,3/25/2019,21:22:28,Calw-Forsttunnel-Eingang,Langohrfledermaus,,
P1410328.JPG,3/25/2019,3/25/2019,22:13:33,Calw-Forsttunnel-Eingang,Langohrfledermaus,,
P1410329.JPG,3/25/2019,3/25/2019,22:18:26,Calw-Forsttunnel-Eingang,Langohrfledermaus,,
P1410330.JPG,3/25/2019,3/25/2019,23:21:32,Calw-Forsttunnel-Eingang,Langohrfledermaus,,
P1410331.JPG,3/25/2019,3/25/2019,23:25:43,Calw-Forsttunnel-Eingang,Fransenfledermaus,,
P1410332.JPG,3/25/2019,3/25/2019,23:36:06,Calw-Forsttunnel-Eingang,Fransenfledermaus,,
P1410333.JPG,3/26/2019,3/26/2019,18:53:25,Calw-Forsttunnel-Eingang,Langohrfledermaus,,
P1410334.JPG,3/26/2019,3/26/2019,19:07:31,Calw-Forsttunnel-Eingang,Langohrfledermaus,,
P1410335.JPG,3/26/2019,3/26/2019,19:08:07,Calw-Forsttunnel-Eingang,Langohrfledermaus,,
P1410336.JPG,3/26/2019,3/26/2019,19:09:25,Calw-Forsttunnel-Eingang,Langohrfledermaus,,
P1410337.JPG,3/26/2019,3/26/2019,19:10:37,Calw-Forsttunnel-Eingang,Langohrfledermaus,,
P1410338.JPG,3/26/2019,3/26/2019,19:17:03,Calw-Forsttunnel-Eingang,Langohrfledermaus,,
P1410339.JPG,3/26/2019,3/26/2019,19:27:21,Calw-Forsttunnel-Eingang,Langohrfledermaus,,
P1410340.JPG,3/26/2019,3/26/2019,19:36:20,Calw-Forsttunnel-Eingang,Langohrfledermaus,,
P1410341.JPG,3/26/2019,3/26/2019,19:37:53,Calw-Forsttunnel-Eingang,Langohrfledermaus,,
P1410342.JPG,3/26/2019,3/26/2019,19:38:29,Calw-Forsttunnel-Eingang,Langohrfledermaus,,
P1410343.JPG,3/26/2019,3/26/2019,19:42:22,Calw-Forsttunnel-Eingang,Fransenfledermaus,,
P1410344.JPG,3/26/2019,3/26/2019,19:42:52,Calw-Forsttunnel-Eingang,Langohrfledermaus,,
P1410345.JPG,3/26/2019,3/26/2019,19:44:30,Calw-Forsttunnel-Eingang,Langohrfledermaus,,
P1410346.JPG,3/26/2019,3/26/2019,19:56:50,Calw-Forsttunnel-Eingang,Fransenfledermaus,,
P1410347.JPG,3/26/2019,3/26/2019,19:58:27,Calw-Forsttunnel-Eingang,Langohrfledermaus,,
P1410348.JPG,3/26/2019,3/26/2019,20:10:58,Calw-Forsttunnel-Eingang,Langohrfledermaus,,
P1410349.JPG,3/26/2019,3/26/2019,20:35:46,Calw-Forsttunnel-Eingang,Langohrfledermaus,,
P1410350.JPG,3/26/2019,3/26/2019,20:49:17,Calw-Forsttunnel-Eingang,Fransenfledermaus,,
P1410351.JPG,3/26/2019,3/26/2019,20:53:34,Calw-Forsttunnel-Eingang,Fransenfledermaus,,
P1410352.JPG,3/26/2019,3/26/2019,20:59:45,Calw-Forsttunnel-Eingang,Langohrfledermaus,,
P1410353.JPG,3/26/2019,3/26/2019,21:29:34,Calw-Forsttunnel-Eingang,Langohrfledermaus,,
P1410354.JPG,3/26/2019,3/26/2019,21:47:40,Calw-Forsttunnel-Eingang,Langohrfledermaus,,
P1410355.JPG,3/26/2019,3/26/2019,22:32:45,Calw-Forsttunnel-Eingang,Fransenfledermaus,,
P1410356.JPG,3/26/2019,3/26/2019,22:49:26,Calw-Forsttunnel-Eingang,Fransenfledermaus,,
P1410357.JPG,3/26/2019,3/26/2019,23:57:59,Calw-Forsttunnel-Eingang,Langohrfledermaus,,
P1410358.JPG,3/27/2019,3/27/2019,1:16:18,Calw-Forsttunnel-Eingang,Langohrfledermaus,,
P1410359.JPG,3/27/2019,3/27/2019,2:13:01,Calw-Forsttunnel-Eingang,Langohrfledermaus,,
P1410360.JPG,3/27/2019,3/27/2019,2:41:16,Calw-Forsttunnel-Eingang,Langohrfledermaus,,
P1410361.JPG,3/27/2019,3/27/2019,3:44:12,Calw-Forsttunnel-Eingang,Langohrfledermaus,,
P1410362.JPG,3/27/2019,3/27/2019,3:52:02,Calw-Forsttunnel-Eingang,Langohrfledermaus,,
P1410363.JPG,3/27/2019,3/27/2019,4:02:01,Calw-Forsttunnel-Eingang,Langohrfledermaus,,
P1410364.JPG,3/27/2019,3/27/2019,4:04:52,Calw-Forsttunnel-Eingang,Langohrfledermaus,,
P1410365.JPG,3/27/2019,3/27/2019,4:08:17,Calw-Forsttunnel-Eingang,Langohrfledermaus,,
P1410366.JPG,3/27/2019,3/27/2019,5:29:29,Calw-Forsttunnel-Eingang,Langohrfledermaus,,
P1410367.JPG,3/27/2019,3/27/2019,18:59:44,Calw-Forsttunnel-Eingang,Langohrfledermaus,,
P1410368.JPG,3/27/2019,3/27/2019,19:02:26,Calw-Forsttunnel-Eingang,Langohrfledermaus,,
P1410369.JPG,3/27/2019,3/27/2019,19:02:36,Calw-Forsttunnel-Eingang,Langohrfledermaus,,
P1410370.JPG,3/27/2019,3/27/2019,19:03:32,Calw-Forsttunnel-Eingang,Langohrfledermaus,,
P1410371.JPG,3/27/2019,3/27/2019,19:06:47,Calw-Forsttunnel-Eingang,Langohrfledermaus,,
P1410372.JPG,3/27/2019,3/27/2019,19:06:52,Calw-Forsttunnel-Eingang,Langohrfledermaus,,
P1410373.JPG,3/27/2019,3/27/2019,19:17:11,Calw-Forsttunnel-Eingang,Langohrfledermaus,,
P1410374.JPG,3/27/2019,3/27/2019,19:19:11,Calw-Forsttunnel-Eingang,Langohrfledermaus,,
P1410375.JPG,3/27/2019,3/27/2019,19:21:20,Calw-Forsttunnel-Eingang,Langohrfledermaus,,
P1410376.JPG,3/27/2019,3/27/2019,19:22:20,Calw-Forsttunnel-Eingang,Langohrfledermaus,,
P1410377.JPG,3/27/2019,3/27/2019,19:27:38,Calw-Forsttunnel-Eingang,Langohrfledermaus,,
P1410378.JPG,3/27/2019,3/27/2019,19:29:17,Calw-Forsttunnel-Eingang,Langohrfledermaus,,
P1410379.JPG,3/27/2019,3/27/2019,19:34:48,Calw-Forsttunnel-Eingang,Langohrfledermaus,,
P1410380.JPG,3/27/2019,3/27/2019,19:37:46,Calw-Forsttunnel-Eingang,Langohrfledermaus,,
P1410381.JPG,3/27/2019,3/27/2019,19:52:08,Calw-Forsttunnel-Eingang,Fransenfledermaus,,
P1410382.JPG,3/27/2019,3/27/2019,19:52:57,Calw-Forsttunnel-Eingang,Langohrfledermaus,,
P1410383.JPG,3/27/2019,3/27/2019,19:53:08,Calw-Forsttunnel-Eingang,Langohrfledermaus,,
P1410384.JPG,3/27/2019,3/27/2019,19:59:32,Calw-Forsttunnel-Eingang,Fransenfledermaus,,
P1410385.JPG,3/27/2019,3/27/2019,20:03:54,Calw-Forsttunnel-Eingang,Langohrfledermaus,,
P1410386.JPG,3/27/2019,3/27/2019,20:10:56,Calw-Forsttunnel-Eingang,Langohrfledermaus,,
P1410387.JPG,3/27/2019,3/27/2019,20:21:57,Calw-Forsttunnel-Eingang,Langohrfledermaus,,
P1410388.JPG,3/27/2019,3/27/2019,20:39:45,Calw-Forsttunnel-Eingang,Langohrfledermaus,,
P1410389.JPG,3/27/2019,3/27/2019,20:53:56,Calw-Forsttunnel-Eingang,Langohrfledermaus,,
P1410390.JPG,3/27/2019,3/27/2019,20:54:00,Calw-Forsttunnel-Eingang,Langohrfledermaus,,
P1410391.JPG,3/27/2019,3/27/2019,20:56:40,Calw-Forsttunnel-Eingang,Fransenfledermaus,,
P1410392.JPG,3/27/2019,3/27/2019,21:08:23,Calw-Forsttunnel-Eingang,Langohrfledermaus,,
P1410393.JPG,3/27/2019,3/27/2019,21:19:00,Calw-Forsttunnel-Eingang,Langohrfledermaus,,
P1410394.JPG,3/27/2019,3/27/2019,21:34:05,Calw-Forsttunnel-Eingang,Langohrfledermaus,,
P1410395.JPG,3/27/2019,3/27/2019,21:48:25,Calw-Forsttunnel-Eingang,Langohrfledermaus,,
P1410396.JPG,3/27/2019,3/27/2019,21:58:10,Calw-Forsttunnel-Eingang,Langohrfledermaus,,
P1410397.JPG,3/27/2019,3/27/2019,22:01:15,Calw-Forsttunnel-Eingang,Langohrfledermaus,,
P1410398.JPG,3/27/2019,3/27/2019,22:08:46,Calw-Forsttunnel-Eingang,Langohrfledermaus,,
P1410399.JPG,3/27/2019,3/27/2019,22:21:11,Calw-Forsttunnel-Eingang,Langohrfledermaus,,
P1410400.JPG,3/27/2019,3/27/2019,22:27:00,Calw-Forsttunnel-Eingang,Langohrfledermaus,,
P1410401.JPG,3/27/2019,3/27/2019,22:46:11,Calw-Forsttunnel-Eingang,Fransenfledermaus,,
P1410402.JPG,3/27/2019,3/27/2019,22:50:52,Calw-Forsttunnel-Eingang,Fransenfledermaus,,
P1410403.JPG,3/27/2019,3/27/2019,22:52:08,Calw-Forsttunnel-Eingang,Langohrfledermaus,,
P1410404.JPG,3/27/2019,3/27/2019,22:59:09,Calw-Forsttunnel-Eingang,Langohrfledermaus,,
P1410405.JPG,3/27/2019,3/27/2019,22:59:30,Calw-Forsttunnel-Eingang,Langohrfledermaus,,
P1410406.JPG,3/27/2019,3/27/2019,23:25:11,Calw-Forsttunnel-Eingang,Langohrfledermaus,,
P1410407.JPG,3/27/2019,3/27/2019,23:40:16,Calw-Forsttunnel-Eingang,Fransenfledermaus,,
P1410408.JPG,3/27/2019,3/27/2019,23:40:28,Calw-Forsttunnel-Eingang,Fransenfledermaus,,
P1410409.JPG,3/27/2019,3/27/2019,23:41:21,Calw-Forsttunnel-Eingang,Fransenfledermaus,,
P1410410.JPG,3/27/2019,3/27/2019,23:41:36,Calw-Forsttunnel-Eingang,Fransenfledermaus,,
P1410411.JPG,3/28/2019,3/28/2019,0:04:26,Calw-Forsttunnel-Eingang,Fransenfledermaus,,
P1410412.JPG,3/28/2019,3/28/2019,0:11:24,Calw-Forsttunnel-Eingang,Langohrfledermaus,,
P1410413.JPG,3/28/2019,3/28/2019,0:19:44,Calw-Forsttunnel-Eingang,Langohrfledermaus,,
P1410414.JPG,3/28/2019,3/28/2019,0:20:44,Calw-Forsttunnel-Eingang,Langohrfledermaus,,
P1410415.JPG,3/28/2019,3/28/2019,0:54:26,Calw-Forsttunnel-Eingang,Langohrfledermaus,,
P1410416.JPG,3/28/2019,3/28/2019,1:18:46,Calw-Forsttunnel-Eingang,Langohrfledermaus,,
P1410417.JPG,3/28/2019,3/28/2019,1:27:53,Calw-Forsttunnel-Eingang,Langohrfledermaus,,
P1410418.JPG,3/28/2019,3/28/2019,1:28:27,Calw-Forsttunnel-Eingang,Mausohr,,
P1410419.JPG,3/28/2019,3/28/2019,2:15:29,Calw-Forsttunnel-Eingang,Langohrfledermaus,,
P1410420.JPG,3/28/2019,3/28/2019,3:20:24,Calw-Forsttunnel-Eingang,Mausohr,,
P1410421.JPG,3/28/2019,3/28/2019,4:06:26,Calw-Forsttunnel-Eingang,Langohrfledermaus,,
P1410422.JPG,3/28/2019,3/28/2019,5:21:42,Calw-Forsttunnel-Eingang,Langohrfledermaus,,
P1410423.JPG,3/28/2019,3/28/2019,17:58:10,Calw-Forsttunnel-Eingang,Zwergfledermaus,,
P1410424.JPG,3/28/2019,3/28/2019,18:03:47,Calw-Forsttunnel-Eingang,Zwergfledermaus,,
P1410425.JPG,3/28/2019,3/28/2019,18:04:57,Calw-Forsttunnel-Eingang,Zwergfledermaus,,
P1410426.JPG,3/28/2019,3/28/2019,18:05:32,Calw-Forsttunnel-Eingang,Zwergfledermaus,,
P1410427.JPG,3/28/2019,3/28/2019,18:06:36,Calw-Forsttunnel-Eingang,Zwergfledermaus,,
P1410428.JPG,3/28/2019,3/28/2019,18:09:51,Calw-Forsttunnel-Eingang,Zwergfledermaus,,
P1410429.JPG,3/28/2019,3/28/2019,18:10:08,Calw-Forsttunnel-Eingang,Zwergfledermaus,,
P1410430.JPG,3/28/2019,3/28/2019,18:11:57,Calw-Forsttunnel-Eingang,Zwergfledermaus,,
P1410431.JPG,3/28/2019,3/28/2019,18:12:34,Calw-Forsttunnel-Eingang,Zwergfledermaus,,
P1410432.JPG,3/28/2019,3/28/2019,18:14:20,Calw-Forsttunnel-Eingang,Zwergfledermaus,,
P1410433.JPG,3/28/2019,3/28/2019,18:14:50,Calw-Forsttunnel-Eingang,Zwergfledermaus,,
P1410434.JPG,3/28/2019,3/28/2019,18:25:54,Calw-Forsttunnel-Eingang,Zwergfledermaus,,
P1410435.JPG,3/28/2019,3/28/2019,18:27:46,Calw-Forsttunnel-Eingang,Zwergfledermaus,,
P1410436.JPG,3/28/2019,3/28/2019,18:34:26,Calw-Forsttunnel-Eingang,Zwergfledermaus,,
P1410437.JPG,3/28/2019,3/28/2019,18:35:20,Calw-Forsttunnel-Eingang,Zwergfledermaus,,
P1410438.JPG,3/28/2019,3/28/2019,18:35:38,Calw-Forsttunnel-Eingang,Zwergfledermaus,,
P1410439.JPG,3/28/2019,3/28/2019,18:36:17,Calw-Forsttunnel-Eingang,Zwergfledermaus,,
P1410440.JPG,3/28/2019,3/28/2019,18:38:26,Calw-Forsttunnel-Eingang,Zwergfledermaus,,
P1410441.JPG,3/28/2019,3/28/2019,18:39:37,Calw-Forsttunnel-Eingang,Zwergfledermaus,,
P1410442.JPG,3/28/2019,3/28/2019,18:42:37,Calw-Forsttunnel-Eingang,Zwergfledermaus,,
P1410443.JPG,3/28/2019,3/28/2019,18:42:48,Calw-Forsttunnel-Eingang,Zwergfledermaus,,
P1410444.JPG,3/28/2019,3/28/2019,18:53:11,Calw-Forsttunnel-Eingang,Zwergfledermaus,,
P1410445.JPG,3/28/2019,3/28/2019,18:54:06,Calw-Forsttunnel-Eingang,Zwergfledermaus,,
P1410446.JPG,3/28/2019,3/28/2019,18:54:20,Calw-Forsttunnel-Eingang,Zwergfledermaus,,
P1410447.JPG,3/28/2019,3/28/2019,18:54:22,Calw-Forsttunnel-Eingang,Zwergfledermaus,,
P1410448.JPG,3/28/2019,3/28/2019,18:55:17,Calw-Forsttunnel-Eingang,Zwergfledermaus,,
P1410449.JPG,3/28/2019,3/28/2019,18:57:15,Calw-Forsttunnel-Eingang,Zwergfledermaus,,
P1410450.JPG,3/28/2019,3/28/2019,19:06:43,Calw-Forsttunnel-Eingang,Zwergfledermaus,,
P1410451.JPG,3/28/2019,3/28/2019,19:19:54,Calw-Forsttunnel-Eingang,Langohrfledermaus,,
P1410452.JPG,3/28/2019,3/28/2019,19:22:40,Calw-Forsttunnel-Eingang,Langohrfledermaus,,
P1410453.JPG,3/28/2019,3/28/2019,19:27:25,Calw-Forsttunnel-Eingang,Langohrfledermaus,,
P1410454.JPG,3/28/2019,3/28/2019,19:28:18,Calw-Forsttunnel-Eingang,Langohrfledermaus,,
P1410455.JPG,3/28/2019,3/28/2019,19:44:01,Calw-Forsttunnel-Eingang,Langohrfledermaus,,
P1410456.JPG,3/28/2019,3/28/2019,20:01:58,Calw-Forsttunnel-Eingang,Langohrfledermaus,,
P1410457.JPG,3/28/2019,3/28/2019,20:23:54,Calw-Forsttunnel-Eingang,Langohrfledermaus,,
P1410458.JPG,3/28/2019,3/28/2019,20:35:42,Calw-Forsttunnel-Eingang,Zwergfledermaus,,
P1410459.JPG,3/28/2019,3/28/2019,22:14:12,Calw-Forsttunnel-Eingang,Langohrfledermaus,,
P1410460.JPG,3/28/2019,3/28/2019,23:28:45,Calw-Forsttunnel-Eingang,Langohrfledermaus,,
P1410461.JPG,3/28/2019,3/28/2019,23:51:34,Calw-Forsttunnel-Eingang,Langohrfledermaus,,
P1410462.JPG,3/28/2019,3/28/2019,23:53:44,Calw-Forsttunnel-Eingang,Langohrfledermaus,,Graues Langohr?
P1410463.JPG,3/29/2019,3/29/2019,0:24:46,Calw-Forsttunnel-Eingang,Langohrfledermaus,,
P1410464.JPG,3/29/2019,3/29/2019,1:05:58,Calw-Forsttunnel-Eingang,Zwergfledermaus,,
P1410465.JPG,3/29/2019,3/29/2019,1:14:19,Calw-Forsttunnel-Eingang,Langohrfledermaus,,
P1410466.JPG,3/29/2019,3/29/2019,2:48:51,Calw-Forsttunnel-Eingang,Langohrfledermaus,,
P1410467.JPG,3/29/2019,3/29/2019,2:57:30,Calw-Forsttunnel-Eingang,Langohrfledermaus,,
P1410468.JPG,3/29/2019,3/29/2019,3:30:02,Calw-Forsttunnel-Eingang,Langohrfledermaus,,
P1410469.JPG,3/29/2019,3/29/2019,3:59:06,Calw-Forsttunnel-Eingang,Langohrfledermaus,,
P1410470.JPG,3/29/2019,3/29/2019,4:36:27,Calw-Forsttunnel-Eingang,Langohrfledermaus,,
P1410471.JPG,3/29/2019,3/29/2019,18:33:20,Calw-Forsttunnel-Eingang,Zwergfledermaus,,
P1410472.JPG,3/29/2019,3/29/2019,18:36:23,Calw-Forsttunnel-Eingang,Zwergfledermaus,,
P1410473.JPG,3/29/2019,3/29/2019,18:53:34,Calw-Forsttunnel-Eingang,Zwergfledermaus,,
P1410474.JPG,3/29/2019,3/29/2019,18:56:31,Calw-Forsttunnel-Eingang,Zwergfledermaus,,
P1410475.JPG,3/29/2019,3/29/2019,18:56:32,Calw-Forsttunnel-Eingang,Zwergfledermaus,,
P1410476.JPG,3/29/2019,3/29/2019,18:56:46,Calw-Forsttunnel-Eingang,Zwergfledermaus,,
P1410477.JPG,3/29/2019,3/29/2019,18:58:47,Calw-Forsttunnel-Eingang,Zwergfledermaus,,
P1410478.JPG,3/29/2019,3/29/2019,19:01:47,Calw-Forsttunnel-Eingang,Zwergfledermaus,,
P1410479.JPG,3/29/2019,3/29/2019,19:03:24,Calw-Forsttunnel-Eingang,Zwergfledermaus,,
P1410480.JPG,3/29/2019,3/29/2019,19:03:51,Calw-Forsttunnel-Eingang,Zwergfledermaus,,
P1410481.JPG,3/29/2019,3/29/2019,19:04:33,Calw-Forsttunnel-Eingang,Zwergfledermaus,,
P1410482.JPG,3/29/2019,3/29/2019,19:05:04,Calw-Forsttunnel-Eingang,Zwergfledermaus,,
P1410483.JPG,3/29/2019,3/29/2019,19:05:31,Calw-Forsttunnel-Eingang,Zwergfledermaus,,
P1410484.JPG,3/29/2019,3/29/2019,19:19:12,Calw-Forsttunnel-Eingang,Zwergfledermaus,,
P1410485.JPG,3/29/2019,3/29/2019,19:25:54,Calw-Forsttunnel-Eingang,Mausohr,,
P1410486.JPG,3/29/2019,3/29/2019,19:37:03,Calw-Forsttunnel-Eingang,Mausohr,,
P1410487.JPG,3/29/2019,3/29/2019,19:43:57,Calw-Forsttunnel-Eingang,Mausohr,,
P1410488.JPG,3/29/2019,3/29/2019,19:44:52,Calw-Forsttunnel-Eingang,Langohrfledermaus,,
P1410489.JPG,3/29/2019,3/29/2019,19:53:45,Calw-Forsttunnel-Eingang,Mausohr,,
P1410490.JPG,3/29/2019,3/29/2019,20:07:27,Calw-Forsttunnel-Eingang,Mausohr,,
P1410491.JPG,3/29/2019,3/29/2019,20:16:51,Calw-Forsttunnel-Eingang,Fransenfledermaus,,
P1410492.JPG,3/29/2019,3/29/2019,20:24:24,Calw-Forsttunnel-Eingang,Langohrfledermaus,,
P1410493.JPG,3/29/2019,3/29/2019,20:46:14,Calw-Forsttunnel-Eingang,Fransenfledermaus,,
P1410494.JPG,3/29/2019,3/29/2019,20:47:04,Calw-Forsttunnel-Eingang,Langohrfledermaus,,
P1410495.JPG,3/29/2019,3/29/2019,20:49:39,Calw-Forsttunnel-Eingang,Fransenfledermaus,,
P1410496.JPG,3/29/2019,3/29/2019,20:54:21,Calw-Forsttunnel-Eingang,Fransenfledermaus,,
P1410497.JPG,3/29/2019,3/29/2019,21:00:11,Calw-Forsttunnel-Eingang,Langohrfledermaus,,
P1410498.JPG,3/29/2019,3/29/2019,21:14:12,Calw-Forsttunnel-Eingang,Testbild,,
P1410499.JPG,3/29/2019,3/29/2019,22:08:05,Calw-Forsttunnel-Eingang,Zwergfledermaus,,
P1410500.JPG,3/29/2019,3/29/2019,22:29:01,Calw-Forsttunnel-Eingang,Langohrfledermaus,,
P1410501.JPG,3/29/2019,3/29/2019,22:47:57,Calw-Forsttunnel-Eingang,Fransenfledermaus,,
P1410502.JPG,3/29/2019,3/29/2019,23:28:45,Calw-Forsttunnel-Eingang,Langohrfledermaus,,
P1410503.JPG,3/30/2019,3/30/2019,0:09:44,Calw-Forsttunnel-Eingang,Schwarzbild,,
P1410504.JPG,3/30/2019,3/30/2019,2:03:18,Calw-Forsttunnel-Eingang,Schwarzbild,,
P1410505.JPG,3/30/2019,3/30/2019,2:48:24,Calw-Forsttunnel-Eingang,Schwarzbild,,
P1410506.JPG,3/30/2019,3/30/2019,4:07:15,Calw-Forsttunnel-Eingang,Fehlauslösung,,
P1410507.JPG,3/30/2019,3/30/2019,4:16:41,Calw-Forsttunnel-Eingang,Testbild,,
P1410508.JPG,3/30/2019,3/30/2019,19:16:23,Calw-Forsttunnel-Eingang,Langohrfledermaus,,
P1410509.JPG,3/30/2019,3/30/2019,19:17:16,Calw-Forsttunnel-Eingang,Langohrfledermaus,,
P1410510.JPG,3/30/2019,3/30/2019,19:19:23,Calw-Forsttunnel-Eingang,Langohrfledermaus,,
P1410511.JPG,3/30/2019,3/30/2019,19:26:14,Calw-Forsttunnel-Eingang,Fransenfledermaus,,
P1410512.JPG,3/30/2019,3/30/2019,19:31:36,Calw-Forsttunnel-Eingang,Mausohr,,
P1410513.JPG,3/30/2019,3/30/2019,19:36:56,Calw-Forsttunnel-Eingang,Fransenfledermaus,,
P1410514.JPG,3/30/2019,3/30/2019,19:43:29,Calw-Forsttunnel-Eingang,Fransenfledermaus,,
P1410515.JPG,3/30/2019,3/30/2019,19:44:11,Calw-Forsttunnel-Eingang,Fransenfledermaus,,
P1410516.JPG,3/30/2019,3/30/2019,19:48:29,Calw-Forsttunnel-Eingang,Breitflügelfledermaus,,
P1410517.JPG,3/30/2019,3/30/2019,20:04:29,Calw-Forsttunnel-Eingang,Langohrfledermaus,,
P1410518.JPG,3/30/2019,3/30/2019,20:11:04,Calw-Forsttunnel-Eingang,Fransenfledermaus,,
P1410519.JPG,3/30/2019,3/30/2019,20:15:47,Calw-Forsttunnel-Eingang,Langohrfledermaus,,
P1410520.JPG,3/30/2019,3/30/2019,20:15:47,Calw-Forsttunnel-Eingang,Langohrfledermaus,,
P1410521.JPG,3/30/2019,3/30/2019,20:16:01,Calw-Forsttunnel-Eingang,Fransenfledermaus,,
P1410522.JPG,3/30/2019,3/30/2019,20:17:26,Calw-Forsttunnel-Eingang,Langohrfledermaus,,
P1410523.JPG,3/30/2019,3/30/2019,20:24:05,Calw-Forsttunnel-Eingang,Langohrfledermaus,,
P1410524.JPG,3/30/2019,3/30/2019,20:39:18,Calw-Forsttunnel-Eingang,Langohrfledermaus,,
P1410525.JPG,3/30/2019,3/30/2019,20:44:11,Calw-Forsttunnel-Eingang,Fransenfledermaus,,
P1410526.JPG,3/30/2019,3/30/2019,20:47:39,Calw-Forsttunnel-Eingang,Langohrfledermaus,,
P1410527.JPG,3/30/2019,3/30/2019,21:20:18,Calw-Forsttunnel-Eingang,Langohrfledermaus,,
P1410528.JPG,3/30/2019,3/30/2019,21:22:10,Calw-Forsttunnel-Eingang,Langohrfledermaus,,
P1410529.JPG,3/30/2019,3/30/2019,21:29:16,Calw-Forsttunnel-Eingang,Langohrfledermaus,,
P1410530.JPG,3/30/2019,3/30/2019,21:29:26,Calw-Forsttunnel-Eingang,Langohrfledermaus,,
P1410531.JPG,3/30/2019,3/30/2019,22:00:28,Calw-Forsttunnel-Eingang,Fransenfledermaus,,
P1410532.JPG,3/30/2019,3/30/2019,22:08:22,Calw-Forsttunnel-Eingang,Langohrfledermaus,,
P1410533.JPG,3/30/2019,3/30/2019,22:08:27,Calw-Forsttunnel-Eingang,Langohrfledermaus,,
P1410534.JPG,3/30/2019,3/30/2019,22:31:35,Calw-Forsttunnel-Eingang,Langohrfledermaus,,
P1410535.JPG,,3/30/2019,23:47:41,Calw-Forsttunnel-Eingang,Fehlauslösung,,
P1410536.JPG,3/30/2019,3/30/2019,23:52:56,Calw-Forsttunnel-Eingang,Langohrfledermaus,,
P1410537.JPG,3/30/2019,3/30/2019,23:53:51,Calw-Forsttunnel-Eingang,Langohrfledermaus,,
P1410538.JPG,3/30/2019,3/30/2019,23:56:49,Calw-Forsttunnel-Eingang,Langohrfledermaus,,
P1410539.JPG,3/30/2019,3/30/2019,23:58:29,Calw-Forsttunnel-Eingang,Langohrfledermaus,,
P1410540.JPG,3/31/2019,3/31/2019,0:02:14,Calw-Forsttunnel-Eingang,Langohrfledermaus,,
P1410541.JPG,3/31/2019,3/31/2019,0:09:39,Calw-Forsttunnel-Eingang,Langohrfledermaus,,
P1410542.JPG,3/31/2019,3/31/2019,0:09:40,Calw-Forsttunnel-Eingang,Langohrfledermaus,,
P1410543.JPG,3/31/2019,3/31/2019,0:12:00,Calw-Forsttunnel-Eingang,Langohrfledermaus,,
P1410544.JPG,3/31/2019,3/31/2019,0:28:39,Calw-Forsttunnel-Eingang,fledermausfrei,,x
P1410545.JPG,3/31/2019,3/31/2019,0:28:49,Calw-Forsttunnel-Eingang,fledermausfrei,,
P1410546.JPG,3/31/2019,3/31/2019,0:29:38,Calw-Forsttunnel-Eingang,fledermausfrei,,
P1410547.JPG,3/31/2019,3/31/2019,0:47:31,Calw-Forsttunnel-Eingang,Langohrfledermaus,,
P1410548.JPG,3/31/2019,3/31/2019,0:47:42,Calw-Forsttunnel-Eingang,Langohrfledermaus,,
P1410549.JPG,3/31/2019,3/31/2019,1:05:32,Calw-Forsttunnel-Eingang,Langohrfledermaus,,
P1410550.JPG,3/31/2019,3/31/2019,1:58:57,Calw-Forsttunnel-Eingang,Langohrfledermaus,,
P1410551.JPG,3/31/2019,3/31/2019,2:03:17,Calw-Forsttunnel-Eingang,Fransenfledermaus,,
P1410552.JPG,3/31/2019,3/31/2019,2:28:25,Calw-Forsttunnel-Eingang,Langohrfledermaus,,
P1410553.JPG,3/31/2019,3/31/2019,3:17:00,Calw-Forsttunnel-Eingang,Langohrfledermaus,,
P1410554.JPG,3/31/2019,3/31/2019,4:11:26,Calw-Forsttunnel-Eingang,Fransenfledermaus,,
P1410555.JPG,3/31/2019,3/31/2019,19:37:38,Calw-Forsttunnel-Eingang,Fransenfledermaus,,
P1410556.JPG,3/31/2019,3/31/2019,19:53:08,Calw-Forsttunnel-Eingang,Langohrfledermaus,,
P1410557.JPG,3/31/2019,3/31/2019,19:54:29,Calw-Forsttunnel-Eingang,Langohrfledermaus,,
P1410558.JPG,3/31/2019,3/31/2019,20:03:07,Calw-Forsttunnel-Eingang,Langohrfledermaus,,
P1410559.JPG,3/31/2019,3/31/2019,20:03:07,Calw-Forsttunnel-Eingang,Fransenfledermaus,,
P1410560.JPG,3/31/2019,3/31/2019,20:38:20,Calw-Forsttunnel-Eingang,Langohrfledermaus,,
P1410561.JPG,3/31/2019,3/31/2019,20:41:14,Calw-Forsttunnel-Eingang,Langohrfledermaus,,
P1410562.JPG,3/31/2019,3/31/2019,20:51:37,Calw-Forsttunnel-Eingang,Langohrfledermaus,,
P1410563.JPG,3/31/2019,3/31/2019,20:53:42,Calw-Forsttunnel-Eingang,Zwergfledermaus,,
P1410564.JPG,3/31/2019,3/31/2019,21:37:04,Calw-Forsttunnel-Eingang,Langohrfledermaus,,
P1410565.JPG,3/31/2019,3/31/2019,21:54:36,Calw-Forsttunnel-Eingang,Langohrfledermaus,,
P1410566.JPG,3/31/2019,3/31/2019,22:01:38,Calw-Forsttunnel-Eingang,Langohrfledermaus,,
P1410567.JPG,3/31/2019,3/31/2019,22:07:32,Calw-Forsttunnel-Eingang,Langohrfledermaus,,
P1410568.JPG,3/31/2019,3/31/2019,22:23:08,Calw-Forsttunnel-Eingang,Langohrfledermaus,,
P1410569.JPG,3/31/2019,3/31/2019,22:23:15,Calw-Forsttunnel-Eingang,Langohrfledermaus,,
P1410570.JPG,3/31/2019,3/31/2019,22:39:00,Calw-Forsttunnel-Eingang,Langohrfledermaus,,
P1410571.JPG,3/31/2019,3/31/2019,23:10:11,Calw-Forsttunnel-Eingang,Langohrfledermaus,,
P1410572.JPG,3/31/2019,3/31/2019,23:18:33,Calw-Forsttunnel-Eingang,Fransenfledermaus,,
P1410573.JPG,3/31/2019,3/31/2019,23:18:33,Calw-Forsttunnel-Eingang,Fransenfledermaus,,
P1410574.JPG,3/31/2019,3/31/2019,23:23:55,Calw-Forsttunnel-Eingang,Langohrfledermaus,,
P1410575.JPG,3/31/2019,3/31/2019,23:42:23,Calw-Forsttunnel-Eingang,Fransenfledermaus,,
P1410576.JPG,4/1/2019,4/1/2019,0:00:26,Calw-Forsttunnel-Eingang,Langohrfledermaus,,
P1410577.JPG,4/1/2019,4/1/2019,0:01:30,Calw-Forsttunnel-Eingang,Langohrfledermaus,,
P1410578.JPG,4/1/2019,4/1/2019,0:09:01,Calw-Forsttunnel-Eingang,Langohrfledermaus,,
P1410579.JPG,4/1/2019,4/1/2019,0:10:24,Calw-Forsttunnel-Eingang,Langohrfledermaus,,
P1410580.JPG,4/1/2019,4/1/2019,0:31:27,Calw-Forsttunnel-Eingang,Langohrfledermaus,,
P1410581.JPG,4/1/2019,4/1/2019,0:41:57,Calw-Forsttunnel-Eingang,Langohrfledermaus,,
P1410582.JPG,4/1/2019,4/1/2019,0:42:52,Calw-Forsttunnel-Eingang,Langohrfledermaus,,
P1410583.JPG,4/1/2019,4/1/2019,1:03:39,Calw-Forsttunnel-Eingang,Mausohr,,
P1410584.JPG,4/1/2019,4/1/2019,1:12:35,Calw-Forsttunnel-Eingang,Langohrfledermaus,,
P1410585.JPG,4/1/2019,4/1/2019,1:28:36,Calw-Forsttunnel-Eingang,Mausohr,,
P1410586.JPG,4/1/2019,4/1/2019,1:33:47,Calw-Forsttunnel-Eingang,Langohrfledermaus,,
P1410587.JPG,4/1/2019,4/1/2019,1:49:14,Calw-Forsttunnel-Eingang,Langohrfledermaus,,
P1410588.JPG,4/1/2019,4/1/2019,2:27:49,Calw-Forsttunnel-Eingang,Langohrfledermaus,,
P1410589.JPG,4/1/2019,4/1/2019,2:38:38,Calw-Forsttunnel-Eingang,Fransenfledermaus,,
P1410590.JPG,4/1/2019,4/1/2019,2:39:03,Calw-Forsttunnel-Eingang,Langohrfledermaus,,
P1410591.JPG,4/1/2019,4/1/2019,2:55:21,Calw-Forsttunnel-Eingang,Langohrfledermaus,,
P1410592.JPG,4/1/2019,4/1/2019,3:01:40,Calw-Forsttunnel-Eingang,Fransenfledermaus,,
P1410593.JPG,4/1/2019,4/1/2019,3:01:52,Calw-Forsttunnel-Eingang,Langohrfledermaus,,
P1410594.JPG,4/1/2019,4/1/2019,3:17:04,Calw-Forsttunnel-Eingang,Fransenfledermaus,,
P1410595.JPG,4/1/2019,4/1/2019,3:40:10,Calw-Forsttunnel-Eingang,Langohrfledermaus,,
P1410596.JPG,4/1/2019,4/1/2019,3:43:45,Calw-Forsttunnel-Eingang,Langohrfledermaus,,
P1410597.JPG,4/1/2019,4/1/2019,3:46:06,Calw-Forsttunnel-Eingang,Langohrfledermaus,,
P1410598.JPG,4/1/2019,4/1/2019,3:52:20,Calw-Forsttunnel-Eingang,Langohrfledermaus,,
P1410599.JPG,4/1/2019,4/1/2019,4:19:07,Calw-Forsttunnel-Eingang,Langohrfledermaus,,
P1410600.JPG,4/1/2019,4/1/2019,12:18:59,Calw-Forsttunnel-Eingang,Vogel,,Kleiber
P1410601.JPG,4/1/2019,4/1/2019,18:06:39,Calw-Forsttunnel-Eingang,Zwergfledermaus,,
P1410602.JPG,4/1/2019,4/1/2019,18:06:59,Calw-Forsttunnel-Eingang,Zwergfledermaus,,
P1410603.JPG,4/1/2019,4/1/2019,18:07:56,Calw-Forsttunnel-Eingang,Zwergfledermaus,,
P1410604.JPG,4/1/2019,4/1/2019,18:08:49,Calw-Forsttunnel-Eingang,Zwergfledermaus,,
P1410605.JPG,4/1/2019,4/1/2019,18:09:15,Calw-Forsttunnel-Eingang,Zwergfledermaus,,
P1410606.JPG,4/1/2019,4/1/2019,18:09:47,Calw-Forsttunnel-Eingang,Fehlauslösung,,
P1410607.JPG,4/1/2019,4/1/2019,18:09:55,Calw-Forsttunnel-Eingang,Zwergfledermaus,,
P1410608.JPG,4/1/2019,4/1/2019,18:32:57,Calw-Forsttunnel-Eingang,Zwergfledermaus,,
P1410609.JPG,4/1/2019,4/1/2019,18:33:33,Calw-Forsttunnel-Eingang,Zwergfledermaus,,
P1410610.JPG,4/1/2019,4/1/2019,18:33:54,Calw-Forsttunnel-Eingang,Zwergfledermaus,,
P1410611.JPG,4/1/2019,4/1/2019,18:44:02,Calw-Forsttunnel-Eingang,Zwergfledermaus,,
P1410612.JPG,4/1/2019,4/1/2019,19:01:58,Calw-Forsttunnel-Eingang,Zwergfledermaus,,
P1410613.JPG,4/1/2019,4/1/2019,19:21:25,Calw-Forsttunnel-Eingang,Langohrfledermaus,,
P1410614.JPG,4/1/2019,4/1/2019,19:25:13,Calw-Forsttunnel-Eingang,Mausohr,,
P1410615.JPG,,4/1/2019,19:30:36,Calw-Forsttunnel-Eingang,Langohrfledermaus,,
P1410616.JPG,4/1/2019,4/1/2019,19:40:53,Calw-Forsttunnel-Eingang,Fransenfledermaus,,
P1410617.JPG,4/1/2019,4/1/2019,19:41:48,Calw-Forsttunnel-Eingang,Fransenfledermaus,,
P1410618.JPG,4/1/2019,4/1/2019,19:45:11,Calw-Forsttunnel-Eingang,Breitflügelfledermaus,,
P1410619.JPG,4/1/2019,4/1/2019,19:58:24,Calw-Forsttunnel-Eingang,Fransenfledermaus,,
P1410620.JPG,4/1/2019,4/1/2019,20:27:16,Calw-Forsttunnel-Eingang,Langohrfledermaus,,
P1410621.JPG,4/1/2019,4/1/2019,20:29:22,Calw-Forsttunnel-Eingang,Mausohr,,
P1410622.JPG,4/1/2019,4/1/2019,20:38:34,Calw-Forsttunnel-Eingang,Fransenfledermaus,,
P1410623.JPG,4/1/2019,4/1/2019,20:47:17,Calw-Forsttunnel-Eingang,Langohrfledermaus,,
P1410624.JPG,4/1/2019,4/1/2019,20:48:13,Calw-Forsttunnel-Eingang,Langohrfledermaus,,
P1410625.JPG,4/1/2019,4/1/2019,21:01:05,Calw-Forsttunnel-Eingang,Langohrfledermaus,,
P1410626.JPG,4/1/2019,4/1/2019,21:02:56,Calw-Forsttunnel-Eingang,Fransenfledermaus,,
P1410627.JPG,4/1/2019,4/1/2019,21:16:55,Calw-Forsttunnel-Eingang,Langohrfledermaus,,
P1410628.JPG,4/1/2019,4/1/2019,21:32:30,Calw-Forsttunnel-Eingang,Langohrfledermaus,,
P1410629.JPG,4/1/2019,4/1/2019,22:19:32,Calw-Forsttunnel-Eingang,Langohrfledermaus,,
P1410630.JPG,4/1/2019,4/1/2019,22:31:15,Calw-Forsttunnel-Eingang,Langohrfledermaus,,
P1410631.JPG,4/1/2019,4/1/2019,23:30:16,Calw-Forsttunnel-Eingang,Langohrfledermaus,,
P1410632.JPG,4/1/2019,4/1/2019,23:32:10,Calw-Forsttunnel-Eingang,Langohrfledermaus,,
P1410633.JPG,4/2/2019,4/2/2019,0:04:04,Calw-Forsttunnel-Eingang,Langohrfledermaus,,
P1410634.JPG,4/2/2019,4/2/2019,0:05:06,Calw-Forsttunnel-Eingang,Langohrfledermaus,,
P1410635.JPG,4/2/2019,4/2/2019,0:16:01,Calw-Forsttunnel-Eingang,Langohrfledermaus,,
P1410636.JPG,4/2/2019,4/2/2019,2:21:58,Calw-Forsttunnel-Eingang,Fransenfledermaus,,
P1410637.JPG,4/2/2019,4/2/2019,2:32:50,Calw-Forsttunnel-Eingang,Langohrfledermaus,,
P1410638.JPG,4/2/2019,4/2/2019,2:35:32,Calw-Forsttunnel-Eingang,Langohrfledermaus,,
P1410639.JPG,4/2/2019,4/2/2019,3:02:16,Calw-Forsttunnel-Eingang,Langohrfledermaus,,
P1410640.JPG,4/2/2019,4/2/2019,18:44:25,Calw-Forsttunnel-Eingang,Zwergfledermaus,,
P1410641.JPG,4/2/2019,4/2/2019,18:54:13,Calw-Forsttunnel-Eingang,Zwergfledermaus,,
P1410642.JPG,4/2/2019,4/2/2019,18:55:32,Calw-Forsttunnel-Eingang,Zwergfledermaus,,
P1410643.JPG,4/2/2019,4/2/2019,18:57:56,Calw-Forsttunnel-Eingang,Zwergfledermaus,,
P1410644.JPG,4/2/2019,4/2/2019,18:58:56,Calw-Forsttunnel-Eingang,Zwergfledermaus,,
P1410645.JPG,4/2/2019,4/2/2019,19:50:27,Calw-Forsttunnel-Eingang,Zwergfledermaus,,
P1410646.JPG,4/2/2019,4/2/2019,19:56:05,Calw-Forsttunnel-Eingang,Langohrfledermaus,,
P1410647.JPG,4/2/2019,4/2/2019,20:14:56,Calw-Forsttunnel-Eingang,Mausohr,,
P1410648.JPG,4/2/2019,4/2/2019,20:19:56,Calw-Forsttunnel-Eingang,Langohrfledermaus,,
P1410649.JPG,4/2/2019,4/2/2019,20:30:18,Calw-Forsttunnel-Eingang,Mausohr,,
P1410650.JPG,4/2/2019,4/2/2019,20:38:26,Calw-Forsttunnel-Eingang,Fransenfledermaus,,
P1410651.JPG,4/2/2019,4/2/2019,20:39:47,Calw-Forsttunnel-Eingang,Mausohr,,
P1410652.JPG,4/2/2019,4/2/2019,20:41:43,Calw-Forsttunnel-Eingang,Breitflügelfledermaus,,
P1410653.JPG,4/2/2019,4/2/2019,20:47:28,Calw-Forsttunnel-Eingang,Breitflügelfledermaus,,
P1410654.JPG,4/2/2019,4/2/2019,21:04:08,Calw-Forsttunnel-Eingang,Mausohr,,
P1410655.JPG,4/2/2019,4/2/2019,21:06:48,Calw-Forsttunnel-Eingang,Mausohr,,
P1410656.JPG,4/2/2019,4/2/2019,21:28:23,Calw-Forsttunnel-Eingang,Langohrfledermaus,,
P1410657.JPG,4/2/2019,4/2/2019,21:44:44,Calw-Forsttunnel-Eingang,Mausohr,,
P1410658.JPG,4/2/2019,4/2/2019,22:10:58,Calw-Forsttunnel-Eingang,Zwergfledermaus,,
P1410659.JPG,4/2/2019,4/2/2019,22:12:44,Calw-Forsttunnel-Eingang,Zwergfledermaus,,
P1410660.JPG,4/2/2019,4/2/2019,22:34:14,Calw-Forsttunnel-Eingang,Mausohr,,
P1410661.JPG,4/2/2019,4/2/2019,22:34:38,Calw-Forsttunnel-Eingang,Mausohr,,
P1410662.JPG,4/2/2019,4/2/2019,22:37:57,Calw-Forsttunnel-Eingang,Mausohr,,
P1410663.JPG,4/2/2019,4/2/2019,22:48:38,Calw-Forsttunnel-Eingang,Langohrfledermaus,,
P1410664.JPG,4/2/2019,4/2/2019,22:58:29,Calw-Forsttunnel-Eingang,Breitflügelfledermaus,,
P1410665.JPG,4/2/2019,4/2/2019,23:28:41,Calw-Forsttunnel-Eingang,Langohrfledermaus,,
P1410666.JPG,4/3/2019,4/3/2019,0:03:01,Calw-Forsttunnel-Eingang,Fransenfledermaus,,
P1410667.JPG,4/3/2019,4/3/2019,0:47:08,Calw-Forsttunnel-Eingang,Langohrfledermaus,,
P1410668.JPG,4/3/2019,4/3/2019,0:50:41,Calw-Forsttunnel-Eingang,Langohrfledermaus,,
P1410669.JPG,4/3/2019,4/3/2019,1:12:19,Calw-Forsttunnel-Eingang,Breitflügelfledermaus,,
P1410670.JPG,4/3/2019,4/3/2019,1:15:46,Calw-Forsttunnel-Eingang,Fransenfledermaus,,
P1410671.JPG,4/3/2019,4/3/2019,1:40:28,Calw-Forsttunnel-Eingang,Langohrfledermaus,,
P1410672.JPG,4/3/2019,4/3/2019,1:44:45,Calw-Forsttunnel-Eingang,Fransenfledermaus,,
P1410673.JPG,4/3/2019,4/3/2019,1:54:57,Calw-Forsttunnel-Eingang,Langohrfledermaus,,
P1410674.JPG,4/3/2019,4/3/2019,2:06:03,Calw-Forsttunnel-Eingang,Fransenfledermaus,,
P1410674.JPG,4/3/2019,4/3/2019,2:06:03,Calw-Forsttunnel-Eingang,Fransenfledermaus,,
P1410674.JPG,4/3/2019,4/3/2019,2:06:03,Calw-Forsttunnel-Eingang,Tandem,,2
P1410675.JPG,4/3/2019,4/3/2019,2:09:19,Calw-Forsttunnel-Eingang,Zwergfledermaus,,
P1410676.JPG,4/3/2019,4/3/2019,2:11:24,Calw-Forsttunnel-Eingang,Fransenfledermaus,,
P1410677.JPG,4/3/2019,4/3/2019,2:34:01,Calw-Forsttunnel-Eingang,Zwergfledermaus,,
P1410678.JPG,4/3/2019,4/3/2019,2:45:13,Calw-Forsttunnel-Eingang,Zwergfledermaus,,
P1410679.JPG,4/3/2019,4/3/2019,3:14:13,Calw-Forsttunnel-Eingang,Langohrfledermaus,,
P1410680.JPG,4/3/2019,4/3/2019,3:28:02,Calw-Forsttunnel-Eingang,Fransenfledermaus,,
P1410681.JPG,4/3/2019,4/3/2019,3:28:34,Calw-Forsttunnel-Eingang,Langohrfledermaus,,
P1410682.JPG,4/3/2019,4/3/2019,3:34:24,Calw-Forsttunnel-Eingang,Fransenfledermaus,,
P1410683.JPG,4/3/2019,4/3/2019,3:37:58,Calw-Forsttunnel-Eingang,Fransenfledermaus,,
P1410684.JPG,4/3/2019,4/3/2019,3:39:53,Calw-Forsttunnel-Eingang,Fransenfledermaus,,
P1410685.JPG,4/3/2019,4/3/2019,3:39:53,Calw-Forsttunnel-Eingang,Fransenfledermaus,,
P1410686.JPG,4/3/2019,4/3/2019,3:46:31,Calw-Forsttunnel-Eingang,Fransenfledermaus,,
P1410687.JPG,4/3/2019,4/3/2019,3:52:58,Calw-Forsttunnel-Eingang,Zwergfledermaus,,
P1410688.JPG,4/3/2019,4/3/2019,4:03:15,Calw-Forsttunnel-Eingang,Zwergfledermaus,,
P1410689.JPG,4/3/2019,4/3/2019,4:24:17,Calw-Forsttunnel-Eingang,Langohrfledermaus,,
P1410690.JPG,4/3/2019,4/3/2019,4:33:18,Calw-Forsttunnel-Eingang,Langohrfledermaus,,
P1410691.JPG,4/3/2019,4/3/2019,4:49:08,Calw-Forsttunnel-Eingang,Langohrfledermaus,,
P1410692.JPG,4/3/2019,4/3/2019,4:49:10,Calw-Forsttunnel-Eingang,Langohrfledermaus,,
P1410693.JPG,4/3/2019,4/3/2019,4:51:56,Calw-Forsttunnel-Eingang,Langohrfledermaus,,
P1410694.JPG,,4/3/2019,6:02:54,Calw-Forsttunnel-Eingang,Fledermaus nicht bestimmbar,,
P1410695.JPG,4/3/2019,4/3/2019,19:15:13,Calw-Forsttunnel-Eingang,Langohrfledermaus,,
P1410696.JPG,4/3/2019,4/3/2019,19:27:27,Calw-Forsttunnel-Eingang,Langohrfledermaus,,
P1410697.JPG,4/3/2019,4/3/2019,19:35:47,Calw-Forsttunnel-Eingang,Langohrfledermaus,,
P1410698.JPG,4/3/2019,4/3/2019,19:49:41,Calw-Forsttunnel-Eingang,Fransenfledermaus,,
P1410699.JPG,4/3/2019,4/3/2019,20:01:14,Calw-Forsttunnel-Eingang,Fransenfledermaus,,
P1410700.JPG,4/3/2019,4/3/2019,20:03:34,Calw-Forsttunnel-Eingang,Fransenfledermaus,,
P1410701.JPG,4/3/2019,4/3/2019,20:05:38,Calw-Forsttunnel-Eingang,Fransenfledermaus,,
P1410702.JPG,4/3/2019,4/3/2019,20:06:53,Calw-Forsttunnel-Eingang,Fransenfledermaus,,
P1410703.JPG,4/3/2019,4/3/2019,20:08:35,Calw-Forsttunnel-Eingang,Fransenfledermaus,,
P1410704.JPG,4/3/2019,4/3/2019,20:11:19,Calw-Forsttunnel-Eingang,Langohrfledermaus,,
P1410705.JPG,4/3/2019,4/3/2019,20:13:11,Calw-Forsttunnel-Eingang,Mausohr,,
P1410706.JPG,4/3/2019,4/3/2019,20:14:24,Calw-Forsttunnel-Eingang,Mausohr,,
P1410707.JPG,4/3/2019,4/3/2019,20:15:34,Calw-Forsttunnel-Eingang,Langohrfledermaus,,
P1410708.JPG,4/3/2019,4/3/2019,20:15:42,Calw-Forsttunnel-Eingang,Fransenfledermaus,,
P1410709.JPG,4/3/2019,4/3/2019,20:15:44,Calw-Forsttunnel-Eingang,Mausohr,,
P1410710.JPG,4/3/2019,4/3/2019,20:16:05,Calw-Forsttunnel-Eingang,Mausohr,,
P1410711.JPG,4/3/2019,4/3/2019,20:16:21,Calw-Forsttunnel-Eingang,Mausohr,,
P1410712.JPG,4/3/2019,4/3/2019,20:16:31,Calw-Forsttunnel-Eingang,Fransenfledermaus,,
P1410713.JPG,4/3/2019,4/3/2019,20:16:31,Calw-Forsttunnel-Eingang,Fransenfledermaus,,
P1410714.JPG,4/3/2019,4/3/2019,20:22:02,Calw-Forsttunnel-Eingang,Fransenfledermaus,,
P1410715.JPG,4/3/2019,4/3/2019,20:32:40,Calw-Forsttunnel-Eingang,Fransenfledermaus,,
P1410716.JPG,4/3/2019,4/3/2019,20:32:51,Calw-Forsttunnel-Eingang,Fransenfledermaus,,
P1410717.JPG,4/3/2019,4/3/2019,20:32:54,Calw-Forsttunnel-Eingang,Fransenfledermaus,,
P1410718.JPG,4/3/2019,4/3/2019,20:35:34,Calw-Forsttunnel-Eingang,Fransenfledermaus,,
P1410719.JPG,4/3/2019,4/3/2019,20:42:50,Calw-Forsttunnel-Eingang,Fransenfledermaus,,
P1410720.JPG,4/3/2019,4/3/2019,20:44:34,Calw-Forsttunnel-Eingang,Langohrfledermaus,,
P1410721.JPG,4/3/2019,4/3/2019,20:48:46,Calw-Forsttunnel-Eingang,Fransenfledermaus,,
P1410722.JPG,4/3/2019,4/3/2019,20:52:36,Calw-Forsttunnel-Eingang,Mausohr,,
P1410723.JPG,4/3/2019,4/3/2019,20:52:51,Calw-Forsttunnel-Eingang,Mausohr,,
P1410724.JPG,4/3/2019,4/3/2019,21:09:43,Calw-Forsttunnel-Eingang,Langohrfledermaus,,
P1410725.JPG,4/3/2019,4/3/2019,21:22:18,Calw-Forsttunnel-Eingang,Fransenfledermaus,,
P1410726.JPG,4/3/2019,4/3/2019,22:56:41,Calw-Forsttunnel-Eingang,Mausohr,,
P1410727.JPG,4/3/2019,4/3/2019,23:02:02,Calw-Forsttunnel-Eingang,Fransenfledermaus,,
P1410728.JPG,4/3/2019,4/3/2019,23:03:47,Calw-Forsttunnel-Eingang,Fransenfledermaus,,
P1410729.JPG,4/3/2019,4/3/2019,23:09:10,Calw-Forsttunnel-Eingang,Fransenfledermaus,,
P1410730.JPG,4/4/2019,4/4/2019,0:05:12,Calw-Forsttunnel-Eingang,Fransenfledermaus,,
P1410731.JPG,4/4/2019,4/4/2019,0:07:11,Calw-Forsttunnel-Eingang,Fransenfledermaus,,
P1410732.JPG,4/4/2019,4/4/2019,0:16:28,Calw-Forsttunnel-Eingang,Mausohr,,
P1410733.JPG,4/4/2019,4/4/2019,0:45:01,Calw-Forsttunnel-Eingang,Mausohr,,
P1410734.JPG,4/4/2019,4/4/2019,19:15:25,Calw-Forsttunnel-Eingang,Langohrfledermaus,,
P1410735.JPG,4/4/2019,4/4/2019,19:19:15,Calw-Forsttunnel-Eingang,Langohrfledermaus,,
P1410736.JPG,4/4/2019,4/4/2019,20:05:55,Calw-Forsttunnel-Eingang,Langohrfledermaus,,
P1410737.JPG,4/4/2019,4/4/2019,20:48:41,Calw-Forsttunnel-Eingang,Langohrfledermaus,,
P1410738.JPG,4/4/2019,4/4/2019,21:01:24,Calw-Forsttunnel-Eingang,Langohrfledermaus,,
P1410739.JPG,4/4/2019,4/4/2019,21:20:02,Calw-Forsttunnel-Eingang,Langohrfledermaus,,
P1410740.JPG,4/4/2019,4/4/2019,22:24:21,Calw-Forsttunnel-Eingang,Langohrfledermaus,,
P1410741.JPG,4/5/2019,4/5/2019,19:11:39,Calw-Forsttunnel-Eingang,Zwergfledermaus,,
P1410742.JPG,4/5/2019,4/5/2019,19:13:16,Calw-Forsttunnel-Eingang,Zwergfledermaus,,
P1410743.JPG,4/5/2019,4/5/2019,19:18:32,Calw-Forsttunnel-Eingang,Langohrfledermaus,,
P1410744.JPG,4/5/2019,4/5/2019,19:18:46,Calw-Forsttunnel-Eingang,Zwergfledermaus,,
P1410745.JPG,4/5/2019,4/5/2019,19:30:07,Calw-Forsttunnel-Eingang,Langohrfledermaus,,
P1410746.JPG,4/5/2019,4/5/2019,19:45:14,Calw-Forsttunnel-Eingang,Langohrfledermaus,,
P1410746.JPG,4/5/2019,4/5/2019,19:45:14,Calw-Forsttunnel-Eingang,Fransenfledermaus,,
P1410746.JPG,4/5/2019,4/5/2019,19:45:14,Calw-Forsttunnel-Eingang,Fransenfledermaus,,
P1410746.JPG,4/5/2019,4/5/2019,19:45:14,Calw-Forsttunnel-Eingang,Tandem,,3
P1410747.JPG,,4/5/2019,19:59:54,Calw-Forsttunnel-Eingang,Fransenfledermaus,,
P1410748.JPG,,4/5/2019,20:02:28,Calw-Forsttunnel-Eingang,Fransenfledermaus,,
P1410749.JPG,,4/5/2019,20:08:38,Calw-Forsttunnel-Eingang,Langohrfledermaus,,
P1410750.JPG,,4/5/2019,20:33:19,Calw-Forsttunnel-Eingang,Mausohr,,
P1410751.JPG,,4/5/2019,20:53:57,Calw-Forsttunnel-Eingang,Fransenfledermaus,,
P1410752.JPG,,4/5/2019,20:53:57,Calw-Forsttunnel-Eingang,Fransenfledermaus,,
P1410753.JPG,,4/5/2019,20:59:08,Calw-Forsttunnel-Eingang,Langohrfledermaus,,
P1410754.JPG,,4/5/2019,22:17:37,Calw-Forsttunnel-Eingang,Langohrfledermaus,,
P1410755.JPG,,4/5/2019,22:18:08,Calw-Forsttunnel-Eingang,Langohrfledermaus,,
P1410756.JPG,,4/5/2019,22:18:19,Calw-Forsttunnel-Eingang,Langohrfledermaus,,
P1410757.JPG,,4/5/2019,22:21:02,Calw-Forsttunnel-Eingang,Fransenfledermaus,,
P1410758.JPG,,4/5/2019,22:28:57,Calw-Forsttunnel-Eingang,Langohrfledermaus,,
P1410759.JPG,,4/5/2019,22:40:11,Calw-Forsttunnel-Eingang,Langohrfledermaus,,
P1410760.JPG,,4/5/2019,23:50:13,Calw-Forsttunnel-Eingang,Langohrfledermaus,,
P1410761.JPG,,4/6/2019,0:10:53,Calw-Forsttunnel-Eingang,Fransenfledermaus,,
P1410762.JPG,,4/6/2019,0:37:23,Calw-Forsttunnel-Eingang,Fransenfledermaus,,
P1410763.JPG,,4/6/2019,1:44:01,Calw-Forsttunnel-Eingang,Fransenfledermaus,,
P1410764.JPG,,4/6/2019,1:44:08,Calw-Forsttunnel-Eingang,Fransenfledermaus,,
P1410765.JPG,,4/6/2019,2:24:45,Calw-Forsttunnel-Eingang,Langohrfledermaus,,
P1410766.JPG,,4/6/2019,3:03:11,Calw-Forsttunnel-Eingang,Fransenfledermaus,,
P1410767.JPG,,4/6/2019,18:22:38,Calw-Forsttunnel-Eingang,Zwergfledermaus,,
P1410768.JPG,,4/6/2019,18:49:25,Calw-Forsttunnel-Eingang,Zwergfledermaus,,
P1410769.JPG,,4/6/2019,18:50:12,Calw-Forsttunnel-Eingang,Zwergfledermaus,,
P1410770.JPG,,4/6/2019,19:22:55,Calw-Forsttunnel-Eingang,Breitflügelfledermaus,,
P1410771.JPG,,4/6/2019,19:31:48,Calw-Forsttunnel-Eingang,Fransenfledermaus,,
P1410772.JPG,,4/6/2019,19:36:37,Calw-Forsttunnel-Eingang,Langohrfledermaus,,
P1410773.JPG,,4/6/2019,19:41:18,Calw-Forsttunnel-Eingang,Mausohr,,
P1410774.JPG,,4/6/2019,19:45:35,Calw-Forsttunnel-Eingang,Fransenfledermaus,,
P1410775.JPG,,4/6/2019,19:57:20,Calw-Forsttunnel-Eingang,Fransenfledermaus,,
P1410776.JPG,,4/6/2019,19:58:49,Calw-Forsttunnel-Eingang,Fransenfledermaus,,
P1410777.JPG,,4/6/2019,20:11:25,Calw-Forsttunnel-Eingang,Fransenfledermaus,,
P1410778.JPG,,4/6/2019,21:23:32,Calw-Forsttunnel-Eingang,Fransenfledermaus,,
P1410779.JPG,,4/6/2019,21:56:16,Calw-Forsttunnel-Eingang,Langohrfledermaus,,
P1410780.JPG,,4/6/2019,21:57:05,Calw-Forsttunnel-Eingang,Mausohr,,
P1410781.JPG,,4/6/2019,22:17:50,Calw-Forsttunnel-Eingang,Langohrfledermaus,,
P1410782.JPG,,4/6/2019,23:49:16,Calw-Forsttunnel-Eingang,Fehlauslösung,,
P1410783.JPG,,4/6/2019,23:49:19,Calw-Forsttunnel-Eingang,Langohrfledermaus,,
P1410784.JPG,,4/7/2019,1:52:10,Calw-Forsttunnel-Eingang,Fransenfledermaus,,
P1410785.JPG,,4/7/2019,1:54:45,Calw-Forsttunnel-Eingang,Langohrfledermaus,,
P1410786.JPG,,4/7/2019,3:21:40,Calw-Forsttunnel-Eingang,Fransenfledermaus,,
P1410787.JPG,,4/7/2019,4:28:20,Calw-Forsttunnel-Eingang,Langohrfledermaus,,
P1410788.JPG,,4/7/2019,17:30:13,Calw-Forsttunnel-Eingang,Zwergfledermaus,,
P1410789.JPG,,4/7/2019,19:10:16,Calw-Forsttunnel-Eingang,Langohrfledermaus,,
P1410790.JPG,,4/7/2019,19:22:24,Calw-Forsttunnel-Eingang,Langohrfledermaus,,
P1410791.JPG,,4/7/2019,19:54:06,Calw-Forsttunnel-Eingang,Mausohr,,
P1410792.JPG,,4/7/2019,19:58:17,Calw-Forsttunnel-Eingang,Langohrfledermaus,,
P1410793.JPG,,4/7/2019,20:12:47,Calw-Forsttunnel-Eingang,Langohrfledermaus,,
P1410794.JPG,,4/7/2019,20:30:40,Calw-Forsttunnel-Eingang,Langohrfledermaus,,
P1410795.JPG,,4/7/2019,20:33:46,Calw-Forsttunnel-Eingang,Langohrfledermaus,,
P1410796.JPG,,4/7/2019,20:42:03,Calw-Forsttunnel-Eingang,Langohrfledermaus,,
P1410797.JPG,,4/7/2019,20:58:53,Calw-Forsttunnel-Eingang,Langohrfledermaus,,
P1410798.JPG,,4/7/2019,21:10:17,Calw-Forsttunnel-Eingang,Mausohr,,
P1410799.JPG,,4/7/2019,21:15:09,Calw-Forsttunnel-Eingang,Langohrfledermaus,,
P1410800.JPG,,4/7/2019,21:25:37,Calw-Forsttunnel-Eingang,Langohrfledermaus,,
P1410801.JPG,,4/7/2019,21:58:31,Calw-Forsttunnel-Eingang,Zwergfledermaus,,
P1410802.JPG,,4/7/2019,22:23:14,Calw-Forsttunnel-Eingang,Langohrfledermaus,,
P1410803.JPG,,4/7/2019,22:45:20,Calw-Forsttunnel-Eingang,Langohrfledermaus,,
P1410804.JPG,,4/7/2019,23:51:37,Calw-Forsttunnel-Eingang,Mausohr,,
P1410805.JPG,,4/7/2019,23:54:19,Calw-Forsttunnel-Eingang,Fransenfledermaus,,
P1410806.JPG,,4/7/2019,23:56:44,Calw-Forsttunnel-Eingang,Fransenfledermaus,,
P1410807.JPG,,4/8/2019,0:02:29,Calw-Forsttunnel-Eingang,Langohrfledermaus,,
P1410808.JPG,,4/8/2019,0:34:05,Calw-Forsttunnel-Eingang,Fransenfledermaus,,
P1410809.JPG,,4/8/2019,0:38:58,Calw-Forsttunnel-Eingang,Mausohr,,
P1410810.JPG,,4/8/2019,0:43:49,Calw-Forsttunnel-Eingang,Langohrfledermaus,,
P1410811.JPG,,4/8/2019,1:02:24,Calw-Forsttunnel-Eingang,Fransenfledermaus,,
P1410812.JPG,,4/8/2019,1:29:08,Calw-Forsttunnel-Eingang,Langohrfledermaus,,
P1410813.JPG,,4/8/2019,1:35:07,Calw-Forsttunnel-Eingang,Fransenfledermaus,,
P1410814.JPG,,4/8/2019,2:24:16,Calw-Forsttunnel-Eingang,Fransenfledermaus,,
P1410815.JPG,,4/8/2019,2:35:04,Calw-Forsttunnel-Eingang,Langohrfledermaus,,
P1410816.JPG,,4/8/2019,3:23:27,Calw-Forsttunnel-Eingang,Fransenfledermaus,,
P1410817.JPG,,4/8/2019,4:08:53,Calw-Forsttunnel-Eingang,Langohrfledermaus,,
P1410818.JPG,,4/8/2019,18:58:05,Calw-Forsttunnel-Eingang,Langohrfledermaus,,
P1410819.JPG,,4/8/2019,18:58:26,Calw-Forsttunnel-Eingang,Langohrfledermaus,,
P1410820.JPG,,4/8/2019,19:10:41,Calw-Forsttunnel-Eingang,Langohrfledermaus,,
P1410821.JPG,,4/8/2019,19:16:46,Calw-Forsttunnel-Eingang,Langohrfledermaus,,
P1410822.JPG,,4/8/2019,19:28:40,Calw-Forsttunnel-Eingang,Langohrfledermaus,,
P1410823.JPG,,4/8/2019,19:30:03,Calw-Forsttunnel-Eingang,Fransenfledermaus,,
P1410824.JPG,,4/8/2019,19:32:52,Calw-Forsttunnel-Eingang,Fransenfledermaus,,
P1410825.JPG,,4/8/2019,19:36:33,Calw-Forsttunnel-Eingang,Fransenfledermaus,,
P1410826.JPG,,4/8/2019,19:59:09,Calw-Forsttunnel-Eingang,Fransenfledermaus,,
P1410827.JPG,,4/8/2019,20:10:32,Calw-Forsttunnel-Eingang,Langohrfledermaus,,
P1410828.JPG,,4/8/2019,22:43:37,Calw-Forsttunnel-Eingang,Langohrfledermaus,,
P1410829.JPG,,4/8/2019,22:45:44,Calw-Forsttunnel-Eingang,Langohrfledermaus,,
P1410830.JPG,,4/9/2019,1:11:41,Calw-Forsttunnel-Eingang,Langohrfledermaus,,
P1410831.JPG,,4/9/2019,1:32:14,Calw-Forsttunnel-Eingang,Fransenfledermaus,,
P1410832.JPG,,4/9/2019,1:55:30,Calw-Forsttunnel-Eingang,Fransenfledermaus,,
P1410833.JPG,,4/9/2019,4:17:46,Calw-Forsttunnel-Eingang,Langohrfledermaus,,
P1410834.JPG,,4/9/2019,18:56:52,Calw-Forsttunnel-Eingang,Langohrfledermaus,,
P1410835.JPG,,4/9/2019,18:58:49,Calw-Forsttunnel-Eingang,Langohrfledermaus,,
P1410836.JPG,,4/9/2019,19:14:52,Calw-Forsttunnel-Eingang,Langohrfledermaus,,
P1410837.JPG,,4/9/2019,19:17:38,Calw-Forsttunnel-Eingang,Langohrfledermaus,,
P1410838.JPG,,4/9/2019,19:19:09,Calw-Forsttunnel-Eingang,Langohrfledermaus,,
P1410839.JPG,,4/9/2019,19:21:23,Calw-Forsttunnel-Eingang,Langohrfledermaus,,
P1410840.JPG,,4/9/2019,19:23:32,Calw-Forsttunnel-Eingang,Langohrfledermaus,,
P1410841.JPG,,4/9/2019,19:36:05,Calw-Forsttunnel-Eingang,Zwergfledermaus,,
P1410842.JPG,,4/9/2019,20:13:29,Calw-Forsttunnel-Eingang,Breitflügelfledermaus,,
P1410843.JPG,,4/9/2019,20:24:18,Calw-Forsttunnel-Eingang,Breitflügelfledermaus,,
P1410844.JPG,,4/9/2019,20:31:17,Calw-Forsttunnel-Eingang,Breitflügelfledermaus,,
P1410845.JPG,,4/9/2019,20:51:13,Calw-Forsttunnel-Eingang,Langohrfledermaus,,
P1410846.JPG,,4/9/2019,21:14:59,Calw-Forsttunnel-Eingang,Mausohr,,
P1410847.JPG,,4/9/2019,21:57:53,Calw-Forsttunnel-Eingang,Langohrfledermaus,,
P1410848.JPG,,4/9/2019,22:05:27,Calw-Forsttunnel-Eingang,Fransenfledermaus,,
P1410849.JPG,,4/9/2019,22:26:50,Calw-Forsttunnel-Eingang,Langohrfledermaus,,
P1410850.JPG,,4/9/2019,22:28:18,Calw-Forsttunnel-Eingang,Fransenfledermaus,,
P1410851.JPG,,4/9/2019,23:06:49,Calw-Forsttunnel-Eingang,Fransenfledermaus,,
P1410852.JPG,,4/9/2019,23:08:07,Calw-Forsttunnel-Eingang,Fransenfledermaus,,
P1410853.JPG,,4/9/2019,23:36:01,Calw-Forsttunnel-Eingang,Fransenfledermaus,,
P1410854.JPG,,4/9/2019,23:57:09,Calw-Forsttunnel-Eingang,Fransenfledermaus,,
P1410855.JPG,,4/10/2019,0:02:12,Calw-Forsttunnel-Eingang,Fransenfledermaus,,
P1410856.JPG,,4/10/2019,0:20:23,Calw-Forsttunnel-Eingang,Langohrfledermaus,,
P1410857.JPG,,4/10/2019,0:31:24,Calw-Forsttunnel-Eingang,Fransenfledermaus,,
P1410858.JPG,,4/10/2019,0:31:24,Calw-Forsttunnel-Eingang,Fransenfledermaus,,
P1410859.JPG,,4/10/2019,0:34:51,Calw-Forsttunnel-Eingang,Langohrfledermaus,,
P1410860.JPG,,4/10/2019,0:36:28,Calw-Forsttunnel-Eingang,Fransenfledermaus,,
P1410861.JPG,,4/10/2019,0:45:43,Calw-Forsttunnel-Eingang,Langohrfledermaus,,
P1410862.JPG,,4/10/2019,0:51:50,Calw-Forsttunnel-Eingang,Langohrfledermaus,,
P1410863.JPG,,4/10/2019,1:44:39,Calw-Forsttunnel-Eingang,Fransenfledermaus,,
P1410864.JPG,,4/10/2019,2:03:43,Calw-Forsttunnel-Eingang,Langohrfledermaus,,
P1410865.JPG,,4/10/2019,2:18:40,Calw-Forsttunnel-Eingang,Langohrfledermaus,,
P1410866.JPG,,4/10/2019,2:26:05,Calw-Forsttunnel-Eingang,Fransenfledermaus,,
P1410867.JPG,,4/10/2019,2:58:22,Calw-Forsttunnel-Eingang,Mausohr,,
P1410868.JPG,,4/10/2019,3:35:39,Calw-Forsttunnel-Eingang,Fransenfledermaus,,
P1410869.JPG,,4/10/2019,4:32:09,Calw-Forsttunnel-Eingang,Langohrfledermaus,,
P1410870.JPG,,4/10/2019,18:51:31,Calw-Forsttunnel-Eingang,Zwergfledermaus,,
P1410871.JPG,,4/10/2019,19:20:12,Calw-Forsttunnel-Eingang,Zwergfledermaus,,
P1410872.JPG,,4/10/2019,19:21:22,Calw-Forsttunnel-Eingang,Zwergfledermaus,,
P1410873.JPG,,4/10/2019,19:33:47,Calw-Forsttunnel-Eingang,Langohrfledermaus,,
P1410874.JPG,,4/10/2019,19:36:29,Calw-Forsttunnel-Eingang,Langohrfledermaus,,
P1410875.JPG,,4/10/2019,19:42:47,Calw-Forsttunnel-Eingang,Fransenfledermaus,,
P1410876.JPG,,4/10/2019,19:55:15,Calw-Forsttunnel-Eingang,Fransenfledermaus,,
P1410877.JPG,,4/10/2019,20:00:35,Calw-Forsttunnel-Eingang,Fransenfledermaus,,
P1410878.JPG,,4/10/2019,20:01:05,Calw-Forsttunnel-Eingang,Fransenfledermaus,,
P1410879.JPG,,4/10/2019,20:01:50,Calw-Forsttunnel-Eingang,Fransenfledermaus,,
P1410880.JPG,,4/10/2019,20:10:17,Calw-Forsttunnel-Eingang,Fransenfledermaus,,
P1410881.JPG,,4/10/2019,20:12:38,Calw-Forsttunnel-Eingang,Fransenfledermaus,,
P1410882.JPG,,4/10/2019,20:12:38,Calw-Forsttunnel-Eingang,Fransenfledermaus,,
P1410883.JPG,,4/10/2019,20:18:33,Calw-Forsttunnel-Eingang,Langohrfledermaus,,
P1410884.JPG,,4/10/2019,20:51:33,Calw-Forsttunnel-Eingang,Fransenfledermaus,,
P1410885.JPG,,4/10/2019,20:52:35,Calw-Forsttunnel-Eingang,Fransenfledermaus,,
P1410886.JPG,,4/10/2019,20:52:35,Calw-Forsttunnel-Eingang,Fransenfledermaus,,
P1410887.JPG,,4/10/2019,21:20:59,Calw-Forsttunnel-Eingang,Fransenfledermaus,,
P1410888.JPG,,4/10/2019,21:32:40,Calw-Forsttunnel-Eingang,Fransenfledermaus,,
P1410889.JPG,,4/10/2019,21:47:05,Calw-Forsttunnel-Eingang,Langohrfledermaus,,
P1410890.JPG,,4/10/2019,22:15:46,Calw-Forsttunnel-Eingang,Fransenfledermaus,,
P1410891.JPG,,4/10/2019,22:39:36,Calw-Forsttunnel-Eingang,Mausohr,,
P1410892.JPG,,4/10/2019,22:40:28,Calw-Forsttunnel-Eingang,Mausohr,,
P1410893.JPG,,4/10/2019,22:48:54,Calw-Forsttunnel-Eingang,Fransenfledermaus,,
P1410894.JPG,,4/10/2019,22:51:42,Calw-Forsttunnel-Eingang,Langohrfledermaus,,
P1410895.JPG,,4/10/2019,23:25:26,Calw-Forsttunnel-Eingang,Fransenfledermaus,,
P1410896.JPG,,4/11/2019,0:33:04,Calw-Forsttunnel-Eingang,Fransenfledermaus,,
P1410897.JPG,,4/11/2019,0:33:30,Calw-Forsttunnel-Eingang,Schwarzbild,,
P1410898.JPG,,4/11/2019,0:33:39,Calw-Forsttunnel-Eingang,Fransenfledermaus,,
P1410899.JPG,,4/11/2019,0:35:50,Calw-Forsttunnel-Eingang,Fransenfledermaus,,
P1410900.JPG,,4/11/2019,0:39:02,Calw-Forsttunnel-Eingang,Fransenfledermaus,,
P1410901.JPG,,4/11/2019,0:43:48,Calw-Forsttunnel-Eingang,Fransenfledermaus,,
P1410902.JPG,,4/11/2019,0:47:20,Calw-Forsttunnel-Eingang,Fransenfledermaus,,
P1410903.JPG,,4/11/2019,1:12:30,Calw-Forsttunnel-Eingang,Fransenfledermaus,,
P1410904.JPG,,4/11/2019,1:38:55,Calw-Forsttunnel-Eingang,Fransenfledermaus,,
P1410905.JPG,,4/11/2019,1:57:54,Calw-Forsttunnel-Eingang,Fransenfledermaus,,
P1410906.JPG,,4/11/2019,3:05:44,Calw-Forsttunnel-Eingang,Fransenfledermaus,,
P1410907.JPG,,4/11/2019,19:44:44,Calw-Forsttunnel-Eingang,Langohrfledermaus,,
P1410908.JPG,,4/11/2019,20:04:00,Calw-Forsttunnel-Eingang,Fransenfledermaus,,
P1410908.JPG,,4/11/2019,20:04:00,Calw-Forsttunnel-Eingang,Fransenfledermaus,,
P1410908.JPG,,4/11/2019,20:04:00,Calw-Forsttunnel-Eingang,Tandem,,2
P1410909.JPG,,4/11/2019,20:07:29,Calw-Forsttunnel-Eingang,Langohrfledermaus,,
P1410910.JPG,,4/11/2019,20:08:05,Calw-Forsttunnel-Eingang,Langohrfledermaus,,
P1410911.JPG,,4/11/2019,20:13:28,Calw-Forsttunnel-Eingang,Langohrfledermaus,,
P1410912.JPG,,4/11/2019,20:20:12,Calw-Forsttunnel-Eingang,Fransenfledermaus,,
P1410913.JPG,,4/11/2019,20:24:21,Calw-Forsttunnel-Eingang,Breitflügelfledermaus,,
P1410914.JPG,,4/11/2019,20:26:26,Calw-Forsttunnel-Eingang,Fransenfledermaus,,
P1410915.JPG,,4/11/2019,20:26:27,Calw-Forsttunnel-Eingang,Fransenfledermaus,,
P1410916.JPG,,4/11/2019,20:26:34,Calw-Forsttunnel-Eingang,Langohrfledermaus,,
P1410917.JPG,,4/11/2019,20:30:49,Calw-Forsttunnel-Eingang,Breitflügelfledermaus,,
P1410918.JPG,,4/11/2019,20:31:48,Calw-Forsttunnel-Eingang,Mausohr,,
P1410919.JPG,,4/11/2019,20:32:17,Calw-Forsttunnel-Eingang,Mausohr,,
P1410920.JPG,,4/11/2019,20:38:53,Calw-Forsttunnel-Eingang,Mausohr,,
P1410921.JPG,,4/11/2019,20:39:08,Calw-Forsttunnel-Eingang,Fransenfledermaus,,
P1410922.JPG,,4/11/2019,20:40:17,Calw-Forsttunnel-Eingang,Fransenfledermaus,,
P1410923.JPG,,4/11/2019,20:53:33,Calw-Forsttunnel-Eingang,Mausohr,,
P1410924.JPG,,4/11/2019,20:59:03,Calw-Forsttunnel-Eingang,Mausohr,,
P1410925.JPG,,4/11/2019,21:20:40,Calw-Forsttunnel-Eingang,Mausohr,,
P1410926.JPG,,4/11/2019,21:26:05,Calw-Forsttunnel-Eingang,Langohrfledermaus,,
P1410927.JPG,,4/11/2019,21:30:45,Calw-Forsttunnel-Eingang,Mausohr,,
P1410928.JPG,,4/11/2019,21:41:06,Calw-Forsttunnel-Eingang,Mausohr,,
P1410929.JPG,,4/11/2019,21:51:40,Calw-Forsttunnel-Eingang,Fransenfledermaus,,
P1410930.JPG,,4/11/2019,21:53:11,Calw-Forsttunnel-Eingang,Fransenfledermaus,,
P1410931.JPG,,4/11/2019,22:05:10,Calw-Forsttunnel-Eingang,Mausohr,,
P1410932.JPG,,4/11/2019,22:49:30,Calw-Forsttunnel-Eingang,Fransenfledermaus,,
P1410933.JPG,,4/11/2019,22:58:33,Calw-Forsttunnel-Eingang,Mausohr,,
P1410934.JPG,,4/11/2019,23:46:19,Calw-Forsttunnel-Eingang,Mausohr,,
P1410935.JPG,,4/11/2019,23:47:57,Calw-Forsttunnel-Eingang,Fransenfledermaus,,
P1410936.JPG,,4/12/2019,2:04:28,Calw-Forsttunnel-Eingang,Fransenfledermaus,,
P1410937.JPG,,4/12/2019,3:11:41,Calw-Forsttunnel-Eingang,Fransenfledermaus,,
P1410938.JPG,,4/12/2019,19:47:58,Calw-Forsttunnel-Eingang,Mausohr,,
P1410939.JPG,,4/12/2019,19:51:28,Calw-Forsttunnel-Eingang,Fransenfledermaus,,
P1410940.JPG,,4/12/2019,19:55:07,Calw-Forsttunnel-Eingang,Mausohr,,
P1410941.JPG,,4/12/2019,19:56:09,Calw-Forsttunnel-Eingang,Schwarzbild,,
P1410942.JPG,,4/12/2019,19:57:03,Calw-Forsttunnel-Eingang,Mausohr,,
P1410943.JPG,,4/12/2019,20:24:15,Calw-Forsttunnel-Eingang,Mausohr,,
P1410944.JPG,,4/12/2019,20:28:43,Calw-Forsttunnel-Eingang,Mausohr,,
P1410945.JPG,,4/12/2019,20:35:42,Calw-Forsttunnel-Eingang,Fransenfledermaus,,
P1410946.JPG,,4/12/2019,20:37:28,Calw-Forsttunnel-Eingang,Fransenfledermaus,,
P1410947.JPG,,4/12/2019,21:09:17,Calw-Forsttunnel-Eingang,Fransenfledermaus,,
P1410948.JPG,,4/13/2019,19:25:01,Calw-Forsttunnel-Eingang,Langohrfledermaus,,
P1410949.JPG,,4/13/2019,19:41:11,Calw-Forsttunnel-Eingang,Langohrfledermaus,,
P1410950.JPG,,4/13/2019,19:41:15,Calw-Forsttunnel-Eingang,Langohrfledermaus,,
P1410951.JPG,,4/13/2019,19:41:18,Calw-Forsttunnel-Eingang,Langohrfledermaus,,
P1410952.JPG,,4/13/2019,20:25:52,Calw-Forsttunnel-Eingang,Fransenfledermaus,,
P1410953.JPG,,4/13/2019,20:35:04,Calw-Forsttunnel-Eingang,Fransenfledermaus,,
P1410954.JPG,,4/13/2019,20:35:26,Calw-Forsttunnel-Eingang,Fransenfledermaus,,
P1410955.JPG,,4/13/2019,20:35:35,Calw-Forsttunnel-Eingang,Fransenfledermaus,,
P1410956.JPG,,4/13/2019,20:41:05,Calw-Forsttunnel-Eingang,Zwergfledermaus,,
P1410957.JPG,,4/13/2019,21:05:58,Calw-Forsttunnel-Eingang,Mausohr,,
P1410958.JPG,,4/13/2019,23:35:33,Calw-Forsttunnel-Eingang,Fransenfledermaus,,
P1410958.JPG,,4/13/2019,23:35:33,Calw-Forsttunnel-Eingang,Fransenfledermaus,,
P1410958.JPG,,4/13/2019,23:35:33,Calw-Forsttunnel-Eingang,Tandem,,2
P1410959.JPG,,4/13/2019,23:36:29,Calw-Forsttunnel-Eingang,Fransenfledermaus,,
P1410960.JPG,,4/13/2019,23:36:53,Calw-Forsttunnel-Eingang,Fransenfledermaus,,
P1410961.JPG,,4/14/2019,19:45:23,Calw-Forsttunnel-Eingang,Langohrfledermaus,,
P1410962.JPG,,4/14/2019,19:59:22,Calw-Forsttunnel-Eingang,Langohrfledermaus,,
P1410963.JPG,,4/14/2019,20:05:32,Calw-Forsttunnel-Eingang,Langohrfledermaus,,
P1410964.JPG,,4/14/2019,20:23:34,Calw-Forsttunnel-Eingang,Fransenfledermaus,,
P1410965.JPG,,4/14/2019,20:30:36,Calw-Forsttunnel-Eingang,Mausohr,,
P1410966.JPG,,4/14/2019,20:39:04,Calw-Forsttunnel-Eingang,Fransenfledermaus,,
P1410967.JPG,,4/14/2019,20:48:34,Calw-Forsttunnel-Eingang,Mausohr,,
P1410968.JPG,,4/14/2019,20:51:42,Calw-Forsttunnel-Eingang,Fransenfledermaus,,
P1410969.JPG,,4/14/2019,20:56:10,Calw-Forsttunnel-Eingang,Fransenfledermaus,,
P1410970.JPG,,4/14/2019,21:03:58,Calw-Forsttunnel-Eingang,Mausohr,,
P1410971.JPG,,4/15/2019,19:29:02,Calw-Forsttunnel-Eingang,Langohrfledermaus,,
P1410972.JPG,,4/15/2019,19:45:00,Calw-Forsttunnel-Eingang,Fehlauslösung,,
P1410973.JPG,,4/15/2019,19:46:50,Calw-Forsttunnel-Eingang,Mausohr,,
P1410974.JPG,,4/15/2019,19:56:07,Calw-Forsttunnel-Eingang,Mausohr,,
P1410975.JPG,,4/15/2019,20:11:53,Calw-Forsttunnel-Eingang,Fransenfledermaus,,
P1410976.JPG,,4/15/2019,20:13:16,Calw-Forsttunnel-Eingang,Breitflügelfledermaus,,
P1410977.JPG,,4/15/2019,20:22:00,Calw-Forsttunnel-Eingang,Fransenfledermaus,,
P1410978.JPG,,4/15/2019,20:40:31,Calw-Forsttunnel-Eingang,Fransenfledermaus,,
P1410979.JPG,,4/15/2019,20:56:45,Calw-Forsttunnel-Eingang,Fransenfledermaus,,
P1410980.JPG,,4/15/2019,20:56:45,Calw-Forsttunnel-Eingang,Fransenfledermaus,,
P1410981.JPG,,4/15/2019,20:58:30,Calw-Forsttunnel-Eingang,Fransenfledermaus,,
P1410982.JPG,,4/15/2019,21:17:35,Calw-Forsttunnel-Eingang,Mausohr,,
P1410983.JPG,,4/15/2019,21:37:41,Calw-Forsttunnel-Eingang,Fransenfledermaus,,
P1410984.JPG,,4/15/2019,22:43:31,Calw-Forsttunnel-Eingang,Fransenfledermaus,,
P1410985.JPG,,4/15/2019,23:10:00,Calw-Forsttunnel-Eingang,Fransenfledermaus,,
P1410986.JPG,,4/15/2019,23:11:28,Calw-Forsttunnel-Eingang,Fransenfledermaus,,
P1410987.JPG,,4/16/2019,0:23:28,Calw-Forsttunnel-Eingang,Langohrfledermaus,,
P1410988.JPG,,4/16/2019,0:45:03,Calw-Forsttunnel-Eingang,Fransenfledermaus,,
P1410989.JPG,,4/16/2019,1:36:51,Calw-Forsttunnel-Eingang,Fransenfledermaus,,
P1410990.JPG,,4/16/2019,2:32:56,Calw-Forsttunnel-Eingang,Bartfledermaus,,
P1410991.JPG,,4/16/2019,20:08:29,Calw-Forsttunnel-Eingang,Fransenfledermaus,,
P1410992.JPG,,4/16/2019,20:31:43,Calw-Forsttunnel-Eingang,Fransenfledermaus,,
P1410993.JPG,,4/16/2019,20:32:11,Calw-Forsttunnel-Eingang,Fransenfledermaus,,
P1410994.JPG,,4/16/2019,20:58:06,Calw-Forsttunnel-Eingang,Fransenfledermaus,,
P1410995.JPG,,4/16/2019,20:58:11,Calw-Forsttunnel-Eingang,Zwergfledermaus,,
P1410996.JPG,,4/16/2019,21:18:10,Calw-Forsttunnel-Eingang,Fransenfledermaus,,
P1410997.JPG,,4/16/2019,21:20:10,Calw-Forsttunnel-Eingang,Mausohr,,
P1410998.JPG,,4/16/2019,21:25:41,Calw-Forsttunnel-Eingang,Fehlauslösung,,
P1410999.JPG,,4/16/2019,21:41:15,Calw-Forsttunnel-Eingang,Fransenfledermaus,,
